time,mon_in,mon_out,tue_in,tue_out,wed_in,wed_out,thu_in,thu_out,fri_in,fri_out,sat_in,sat_out,sun_in,sun_out,week_num
00:00,0,0,313,727,55,113,109,113,94,90,115,121,185,133,1
01:00,0,0,286,481,40,62,34,62,23,79,102,131,130,110,1
02:00,0,0,160,411,14,28,17,32,43,74,76,140,94,164,1
03:00,0,0,200,695,6,31,45,37,14,60,53,110,21,133,1
04:00,0,0,72,286,4,2,12,7,1,4,3,13,22,34,1
05:00,0,0,43,40,50,16,79,31,32,21,34,23,29,33,1
06:00,0,0,77,52,239,65,249,72,180,77,90,52,54,46,1
07:00,0,0,110,73,489,149,528,169,440,164,168,60,77,37,1
08:00,0,0,98,61,735,345,854,334,738,330,276,162,118,74,1
09:00,0,0,178,87,762,457,822,479,765,482,436,275,246,108,1
10:00,0,0,418,245,1016,602,1070,750,1063,722,731,575,396,210,1
11:00,0,0,793,508,1367,876,1279,938,1703,1209,949,575,603,437,1
12:00,0,0,947,577,1624,1132,1627,1210,1967,1361,1331,852,672,528,1
13:00,0,0,927,559,1901,1249,2054,1319,2324,1550,1414,910,884,619,1
14:00,0,0,958,632,1704,1062,1720,1285,1636,1065,1413,957,944,648,1
15:00,0,0,927,657,1740,1167,1877,1276,1842,1237,1397,982,1008,653,1
16:00,0,0,966,566,1857,1136,1924,1241,1816,1148,1508,1021,967,708,1
17:00,0,0,986,675,1672,1025,1746,1117,1758,1178,1457,767,1041,580,1
18:00,0,0,763,513,1400,815,1490,841,1446,829,1191,607,806,542,1
19:00,0,0,737,386,966,473,1037,621,1019,547,1045,518,722,419,1
20:00,0,0,592,358,731,454,822,469,739,462,705,498,511,349,1
21:00,0,0,383,232,428,343,489,376,521,332,557,376,305,289,1
22:00,0,0,399,275,551,287,553,287,669,291,630,258,337,192,1
23:00,0,0,253,199,43,12,240,224,357,238,449,223,15,7,1
00:00,109,74,50,58,82,104,64,50,124,102,273,152,176,110,2
01:00,27,51,26,46,24,33,16,31,52,92,148,148,121,129,2
02:00,16,24,12,28,26,17,24,25,20,66,109,160,116,175,2
03:00,25,10,15,25,20,44,19,33,31,51,94,125,83,200,2
04:00,24,8,6,7,1,8,6,2,12,21,19,26,14,46,2
05:00,89,24,43,18,51,42,38,24,48,19,49,35,21,44,2
06:00,232,73,196,62,198,64,197,69,210,63,149,54,46,41,2
07:00,625,158,481,186,477,204,444,193,474,181,250,96,113,57,2
08:00,1012,501,1072,511,983,478,1032,479,946,507,338,160,131,68,2
09:00,922,560,959,566,878,506,885,575,924,500,488,303,259,135,2
10:00,966,713,1010,695,1045,731,1111,658,1052,754,830,540,426,243,2
11:00,1092,793,1071,710,1513,1234,1203,794,1470,1109,1098,761,612,456,2
12:00,1621,1129,1250,886,2173,1413,1440,1001,1483,1098,1354,812,832,624,2
13:00,1906,1373,2137,1414,3326,1994,1741,1085,2104,1233,1492,978,962,676,2
14:00,1570,978,1821,1146,2117,1354,1499,1016,1743,1068,1489,992,980,710,2
15:00,1602,1049,1502,949,1617,1040,1472,962,1787,1121,1638,1056,1061,679,2
16:00,1721,987,1588,1027,1579,961,1755,1008,1954,1182,1759,966,1147,726,2
17:00,1506,869,1615,1101,1655,1008,1516,949,2022,1013,1859,922,925,528,2
18:00,986,546,1308,793,1247,775,1258,807,1645,761,1398,729,986,535,2
19:00,714,478,833,528,856,537,1035,576,1337,615,1337,642,989,392,2
20:00,489,370,655,470,578,473,834,499,1023,550,817,459,587,387,2
21:00,418,267,344,290,403,266,540,297,693,346,717,380,377,220,2
22:00,439,204,366,200,416,209,564,267,961,277,843,321,503,205,2
23:00,217,143,13,16,237,177,346,191,638,400,615,481,221,303,2
00:00,125,144,72,90,90,71,52,52,86,109,119,80,335,207,3
01:00,66,82,34,27,25,53,39,57,56,42,124,107,177,121,3
02:00,37,64,16,21,23,42,26,35,15,62,91,102,112,163,3
03:00,25,26,8,30,14,32,28,41,16,33,81,145,65,183,3
04:00,13,6,14,12,16,42,34,20,23,18,47,46,16,23,3
05:00,61,26,24,12,19,10,92,24,22,5,45,30,25,57,3
06:00,207,83,194,67,176,75,308,65,107,31,130,45,64,37,3
07:00,420,139,500,175,477,213,662,237,285,100,174,54,64,53,3
08:00,698,379,1056,432,1159,494,1154,520,951,389,259,140,115,61,3
09:00,758,481,991,540,1071,579,1105,606,973,531,450,213,224,99,3
10:00,1060,765,897,613,890,742,1108,652,767,522,767,502,411,204,3
11:00,1333,985,1137,788,1234,720,1171,899,1012,685,969,594,605,446,3
12:00,1650,1177,1576,1055,1343,985,1432,952,1090,742,1314,907,801,509,3
13:00,1832,1332,1627,1088,1745,1081,1793,1206,1444,980,1347,888,794,499,3
14:00,1654,1099,1443,1036,1592,935,1524,1044,1273,757,1457,919,885,629,3
15:00,1758,1220,1431,932,1496,970,1574,1029,1391,851,1587,962,943,688,3
16:00,1697,1091,1686,939,1124,637,1663,1110,1496,926,1678,994,1093,707,3
17:00,1458,853,1619,1057,990,574,1593,970,1326,841,1586,775,1095,571,3
18:00,1148,586,1246,828,706,455,1095,743,1069,606,1286,693,860,484,3
19:00,917,460,888,591,696,447,846,494,923,426,1276,561,754,444,3
20:00,729,404,668,448,626,401,772,396,622,384,807,429,579,352,3
21:00,546,329,453,338,487,281,516,314,579,349,641,360,441,241,3
22:00,585,242,580,246,449,174,616,232,564,231,699,355,354,233,3
23:00,485,196,220,190,280,172,258,160,425,241,597,349,205,145,3
00:00,77,107,52,81,36,47,69,93,141,157,342,210,122,70,4
01:00,55,81,26,44,21,79,14,47,54,59,163,151,224,143,4
02:00,35,31,24,32,30,45,11,33,37,87,64,173,164,161,4
03:00,20,51,5,51,7,32,16,27,54,63,64,164,148,217,4
04:00,21,20,10,11,3,2,2,3,42,30,32,74,85,72,4
05:00,48,27,45,18,44,17,32,24,36,14,15,8,22,30,4
06:00,178,42,205,63,221,59,223,47,176,59,81,68,69,47,4
07:00,337,136,477,208,476,204,490,228,528,198,163,69,64,39,4
08:00,1130,435,1081,460,745,476,1021,442,993,472,346,164,125,72,4
09:00,1104,516,977,559,944,873,997,596,1015,601,577,323,306,102,4
10:00,1138,692,950,624,1040,644,1103,660,1017,756,907,620,430,271,4
11:00,1117,713,996,707,1008,734,1164,732,1272,850,1057,735,994,755,4
12:00,1235,859,1429,855,1436,957,1376,912,1783,1043,1243,825,1574,1001,4
13:00,1608,1069,1700,1195,1675,1085,1689,1100,1847,1218,1435,980,980,1679,4
14:00,1452,1002,1520,1005,1446,935,1430,968,1572,1027,1462,961,1001,1608,4
15:00,1438,944,1496,913,1444,965,1524,1017,1602,937,1610,1055,842,650,4
16:00,1570,921,1704,1068,1517,936,1713,1184,1682,1078,1648,1062,975,716,4
17:00,1615,1084,1633,1086,1594,1121,1760,1165,1254,761,1579,970,1004,569,4
18:00,1238,864,1377,779,1280,834,1407,998,671,458,1249,696,836,437,4
19:00,822,546,1021,751,981,686,1159,765,472,244,1312,655,853,593,4
20:00,605,358,668,393,663,474,854,564,556,249,926,501,916,545,4
21:00,425,293,443,289,529,348,581,371,576,303,742,343,373,269,4
22:00,429,243,547,194,520,275,693,287,746,287,887,344,377,246,4
23:00,236,177,220,165,260,162,345,231,40,29,564,285,20,22,4
00:00,59,127,60,66,65,96,67,68,82,77,278,163,229,185,5
01:00,39,71,25,45,39,62,27,19,48,75,138,123,84,103,5
02:00,19,24,13,30,19,44,22,42,27,52,83,141,107,127,5
03:00,12,39,13,44,22,33,22,39,33,57,71,159,40,89,5
04:00,20,21,5,8,14,25,23,12,7,46,35,65,28,42,5
05:00,39,11,44,17,75,19,57,29,43,19,30,12,19,33,5
06:00,181,68,195,60,208,77,159,64,211,68,130,41,98,45,5
07:00,497,225,501,198,530,202,444,196,488,194,167,92,87,66,5
08:00,1123,530,1180,493,1098,528,1224,552,988,506,327,175,134,115,5
09:00,1159,674,1265,741,1074,624,1086,599,1031,604,563,307,298,176,5
10:00,1193,732,1064,693,971,587,1102,655,1101,636,779,469,514,351,5
11:00,1133,799,1146,822,919,473,1057,705,1294,742,1526,940,740,474,5
12:00,1492,1045,1518,1064,1153,806,1748,1214,1535,964,2343,1582,862,608,5
13:00,1751,1275,1725,1285,1594,1065,1921,1413,1890,1234,2444,1450,935,634,5
14:00,1517,1026,1495,1073,1360,867,1560,944,1717,1064,1696,1090,1037,682,5
15:00,1422,914,1217,742,1402,913,1683,989,1698,1107,1266,931,952,673,5
16:00,1498,994,1555,877,1503,934,1641,1064,1632,1040,1595,1139,941,753,5
17:00,1530,1023,1543,1028,1685,1059,1659,1125,1810,1117,1606,1120,1051,651,5
18:00,1103,831,1277,797,1241,952,1373,889,1432,753,1331,851,959,505,5
19:00,778,557,984,698,974,805,985,622,978,704,1204,714,819,417,5
20:00,562,333,648,463,615,452,767,416,778,492,1055,396,690,338,5
21:00,489,352,566,329,578,370,573,343,672,320,1222,423,404,327,5
22:00,371,220,580,257,696,288,404,296,822,370,867,342,435,239,5
23:00,13,20,235,211,286,177,319,243,521,300,511,300,191,132,5
00:00,63,28,84,67,77,87,115,117,122,125,314,204,305,155,6
01:00,38,27,8,22,23,56,28,52,65,76,131,151,85,141,6
02:00,18,23,6,25,14,52,22,53,26,64,52,89,129,156,6
03:00,25,19,12,36,13,31,16,62,13,81,46,46,61,160,6
04:00,2,5,11,14,14,21,13,26,6,10,0,0,17,16,6
05:00,42,22,34,10,48,19,43,32,38,13,50,36,16,42,6
06:00,189,59,173,49,214,43,193,52,179,66,153,73,42,20,6
07:00,497,228,457,176,546,187,470,170,492,209,208,92,102,60,6
08:00,1108,557,1044,498,1170,572,1055,542,1033,501,305,104,213,85,6
09:00,1047,604,1063,539,1128,571,1116,630,989,597,524,301,447,174,6
10:00,1062,676,897,629,1109,652,1066,635,1061,708,958,482,622,305,6
11:00,1390,999,1183,784,1649,1131,1362,924,1204,793,1255,823,1077,554,6
12:00,1540,1078,1762,1230,2346,1656,1516,946,1533,1057,1536,932,1249,538,6
13:00,1749,1140,1575,1080,2806,1756,1545,1050,1725,1112,1652,935,1051,704,6
14:00,1583,980,1449,902,2560,1611,1509,971,1813,1117,1712,1080,918,555,6
15:00,1454,987,1571,958,1613,1080,1455,798,1838,1129,1559,1251,932,565,6
16:00,1488,886,1503,884,1796,1024,1832,1074,2020,1236,1706,1134,807,592,6
17:00,1460,1087,1456,861,2050,1195,1816,1048,1982,1177,1585,967,927,618,6
18:00,1197,805,1313,811,1842,872,1430,1054,1593,997,1435,902,589,341,6
19:00,696,458,865,741,1059,690,1038,759,1142,724,1374,797,620,374,6
20:00,518,351,625,409,578,424,879,438,1018,561,1034,560,541,261,6
21:00,337,214,474,333,464,332,608,326,769,444,918,430,546,335,6
22:00,327,180,503,223,623,569,815,305,819,343,898,412,475,287,6
23:00,206,113,180,154,299,269,325,221,485,337,707,328,220,209,6
00:00,127,125,53,70,116,115,140,123,216,151,366,267,432,242,7
01:00,52,79,30,20,32,65,59,52,39,74,137,181,164,221,7
02:00,29,48,12,25,15,27,22,54,47,96,134,177,114,227,7
03:00,23,49,15,45,41,52,17,58,36,84,69,231,91,226,7
04:00,12,25,30,19,1,5,32,49,3,6,29,43,14,40,7
05:00,49,19,39,10,73,21,21,12,51,30,34,33,28,35,7
06:00,264,81,272,69,191,69,219,65,191,78,125,49,59,51,7
07:00,562,247,572,239,564,209,525,191,486,177,151,75,92,41,7
08:00,1324,642,1177,592,1436,644,1084,531,945,476,409,225,158,81,7
09:00,1136,647,1070,593,1299,605,933,528,986,564,734,419,423,248,7
10:00,1266,852,1109,763,1154,717,1210,783,1227,752,1090,816,616,499,7
11:00,1361,947,1209,866,1187,869,1662,1083,1578,1041,1345,919,876,700,7
12:00,1619,1185,1460,1062,1573,1157,2044,1392,2237,1404,1664,1107,1321,969,7
13:00,1776,1209,1909,1272,1825,1266,2427,1710,2509,1636,2382,1353,2161,1392,7
14:00,1364,958,1557,1072,1671,1167,2548,1574,2214,1421,1779,1229,1683,1096,7
15:00,1563,955,1609,1158,1633,1151,1932,1374,1955,1286,1471,1035,1180,881,7
16:00,1520,1011,1831,1052,1778,1103,2075,1287,1974,1221,1699,1065,1230,781,7
17:00,1650,1150,1868,1223,1875,1138,1941,1351,1979,1264,1649,1065,1247,741,7
18:00,1406,1006,1532,1031,1589,999,1663,1290,1666,1068,1372,826,1107,730,7
19:00,872,552,1016,616,839,453,1315,839,1257,828,1234,781,866,516,7
20:00,614,351,698,504,734,447,1196,661,1017,649,983,559,832,438,7
21:00,464,326,643,341,600,348,811,492,808,470,859,421,479,347,7
22:00,480,280,555,320,507,267,824,366,816,406,919,365,426,305,7
23:00,302,154,313,214,358,240,441,269,640,349,724,339,225,226,7
00:00,91,88,69,85,95,99,103,93,100,166,272,312,345,185,8
01:00,32,58,38,45,32,52,25,54,59,59,108,193,108,129,8
02:00,10,30,19,31,13,65,23,45,12,89,76,193,148,177,8
03:00,11,26,17,26,22,45,12,46,6,45,59,149,162,176,8
04:00,4,2,3,7,17,44,0,2,15,31,45,55,9,20,8
05:00,43,11,44,26,49,18,46,23,40,26,26,37,22,32,8
06:00,211,78,201,61,194,51,175,61,207,47,119,63,74,38,8
07:00,464,206,540,190,537,213,529,197,486,215,193,89,79,39,8
08:00,1100,581,1152,554,1263,601,1100,571,1094,561,346,177,140,81,8
09:00,1177,673,1237,621,1250,661,1099,616,1082,656,654,388,372,200,8
10:00,1153,796,1194,783,1119,893,1271,748,1124,699,985,665,559,338,8
11:00,1678,1173,1696,1245,1410,982,1258,838,1512,875,1178,707,782,576,8
12:00,2403,1829,2416,1723,2021,1411,1652,1183,1582,1093,1413,849,831,589,8
13:00,2969,1954,2695,1830,2142,1418,1793,1330,1921,1261,1551,938,990,759,8
14:00,3159,1950,3023,1825,1643,1132,1774,1147,1884,1171,1606,995,1067,774,8
15:00,1876,1223,1859,1227,1507,1191,1662,1140,1832,1128,1547,961,1079,828,8
16:00,1765,1163,1737,1061,1575,968,1730,1034,1865,1151,1516,977,1257,916,8
17:00,1714,1221,1685,1169,1614,1112,1744,1213,1819,1383,1364,936,1178,683,8
18:00,1378,910,1389,899,1370,915,1570,932,1657,953,1282,772,1076,627,8
19:00,829,612,1038,712,913,674,1351,717,1264,596,1103,623,904,544,8
20:00,736,466,809,474,778,421,962,459,1101,578,923,447,692,393,8
21:00,431,332,473,345,460,315,544,380,733,397,865,350,469,324,8
22:00,335,253,494,239,410,293,582,313,625,377,816,383,471,261,8
23:00,253,309,225,164,363,235,356,354,499,528,560,300,207,175,8
00:00,76,85,55,78,103,120,108,117,170,202,380,222,340,270,9
01:00,30,78,29,46,34,43,32,71,61,113,134,181,159,235,9
02:00,10,32,25,49,9,59,12,41,40,69,80,216,122,218,9
03:00,9,28,19,25,15,44,13,32,20,74,58,197,104,243,9
04:00,3,3,5,1,1,9,12,11,1,0,2,3,24,48,9
05:00,57,21,56,20,47,27,16,12,58,21,33,35,17,45,9
06:00,239,85,208,73,191,64,192,62,231,67,149,40,76,44,9
07:00,516,190,508,208,545,234,513,198,471,204,201,105,92,57,9
08:00,937,518,1100,601,1102,559,1020,562,1027,575,481,189,185,86,9
09:00,1105,625,1032,643,1027,619,1038,618,1127,647,722,420,358,170,9
10:00,1119,691,1125,840,1104,784,1213,810,1267,818,1069,693,648,310,9
11:00,1475,1093,1256,851,1195,811,1335,809,1334,997,1298,874,825,642,9
12:00,2073,1513,1546,1037,1473,1117,1628,1093,1668,1194,1725,1045,1108,767,9
13:00,2822,2001,1645,1237,1895,1298,1874,1323,2404,1672,1932,1331,1773,1179,9
14:00,3088,1921,1551,989,1741,1072,1762,1161,2532,1598,1783,1151,2535,1482,9
15:00,1784,1203,1502,1081,1590,1083,1685,1149,2027,1209,1772,1148,1564,1049,9
16:00,1563,1098,1762,983,1646,1002,1774,1059,2002,1221,1727,1160,1268,800,9
17:00,1607,1144,1718,1147,1620,1088,1935,1153,1970,1146,1691,1101,1189,769,9
18:00,1454,901,1459,858,1266,782,1749,1057,1684,975,1577,976,1078,717,9
19:00,899,642,923,634,993,648,1275,722,1341,771,1298,683,867,527,9
20:00,587,461,735,436,792,492,1020,494,962,602,1055,488,688,438,9
21:00,477,356,497,361,585,457,667,463,802,466,1296,443,478,333,9
22:00,310,322,487,354,446,302,560,465,897,439,914,432,323,236,9
23:00,229,193,241,194,223,205,444,348,596,496,640,480,180,238,9
00:00,79,87,54,57,149,130,117,106,149,142,437,277,366,233,10
01:00,24,69,24,42,38,76,32,50,52,100,192,230,134,197,10
02:00,22,22,9,34,11,43,23,52,23,52,149,227,106,201,10
03:00,13,27,11,26,17,46,20,46,23,31,60,166,94,211,10
04:00,4,5,15,8,0,0,19,11,16,21,22,60,32,98,10
05:00,47,18,52,16,51,19,70,17,33,11,29,16,10,12,10
06:00,240,65,221,79,197,54,256,60,242,75,131,66,107,89,10
07:00,526,216,646,242,575,243,564,233,556,201,191,86,168,150,10
08:00,1066,544,1264,645,1179,628,1215,587,1377,672,447,190,190,135,10
09:00,1324,782,1237,686,1129,712,1234,688,1176,643,871,413,498,266,10
10:00,1099,809,1224,911,1250,762,1178,805,1262,779,1323,721,677,390,10
11:00,1481,922,1607,1084,1366,962,1300,899,1454,971,1456,799,870,660,10
12:00,1729,1120,1787,1128,1631,1071,1716,1112,1829,1187,1753,1008,959,715,10
13:00,2033,1411,2077,1424,1875,1222,2031,1245,1992,1388,1689,954,994,743,10
14:00,1642,1192,2237,1321,1701,1036,1668,1058,1906,1190,1718,1018,932,719,10
15:00,1607,1087,1707,1170,1675,996,1717,1005,2043,1226,1703,925,1089,662,10
16:00,1648,998,1738,1079,1827,1039,1936,1113,2022,1173,1763,964,1211,668,10
17:00,1538,1109,1710,1124,1853,1175,1902,1177,1936,1227,1509,696,962,626,10
18:00,1381,902,1407,1007,1506,977,1422,923,1748,970,1141,591,917,537,10
19:00,847,601,1018,638,1005,575,1002,575,1370,683,1015,583,862,474,10
20:00,638,402,651,461,687,400,942,471,1241,561,868,395,661,373,10
21:00,456,376,627,398,580,306,492,279,908,444,710,389,416,267,10
22:00,343,280,492,326,460,322,561,282,811,502,683,410,348,228,10
23:00,254,191,254,277,222,222,419,244,717,357,568,320,168,166,10
00:00,100,97,76,101,87,123,132,109,224,226,474,272,505,347,11
01:00,29,45,52,57,50,72,31,75,79,126,256,228,297,278,11
02:00,24,44,9,46,23,41,10,79,27,132,99,244,140,346,11
03:00,18,33,10,28,19,46,15,41,39,95,75,228,94,248,11
04:00,7,11,11,19,11,19,11,30,29,62,28,117,33,122,11
05:00,47,14,25,18,42,20,41,24,50,27,33,34,41,88,11
06:00,191,72,198,71,205,81,200,67,203,75,112,63,120,69,11
07:00,429,177,582,222,598,207,584,221,544,228,185,135,168,117,11
08:00,1054,540,1096,545,1208,557,1178,528,1071,551,406,237,414,200,11
09:00,1094,634,1186,537,1180,563,1102,682,1201,593,726,383,707,601,11
10:00,1158,670,1054,672,1067,688,1252,818,1421,930,1180,745,1157,989,11
11:00,1118,740,1394,1009,1345,909,1500,953,1682,1023,1422,860,1387,1307,11
12:00,1394,922,1658,1119,1773,1224,1718,1120,2158,1437,2169,1160,1631,1355,11
13:00,2276,1517,1861,1282,2019,1364,2169,1365,2150,1313,2239,1177,2340,1866,11
14:00,2526,1582,1593,982,1722,1135,1828,1218,3409,1919,2170,1255,1918,1713,11
15:00,1735,1269,1500,1052,1698,1075,1840,1091,2960,1850,2359,1280,1773,1179,11
16:00,1379,984,1595,1049,1633,1099,1869,1126,2070,1266,2041,1297,1607,928,11
17:00,1476,1013,1605,1117,1780,1190,1845,1262,1977,1256,1966,1267,1919,986,11
18:00,1198,954,1612,906,1591,902,1546,1057,1691,954,1869,1183,1547,911,11
19:00,916,504,988,639,979,600,1410,775,1458,917,1975,942,1531,951,11
20:00,711,487,710,446,794,491,1137,673,1327,706,1490,765,1380,766,11
21:00,435,339,500,333,608,369,860,547,987,610,1714,599,1177,647,11
22:00,335,355,515,351,467,271,712,399,1026,525,1121,561,1016,621,11
23:00,242,167,254,268,299,306,545,341,795,678,977,493,984,732,11
00:00,416,478,95,155,98,130,103,96,65,76,226,129,244,225,12
01:00,312,349,43,59,37,90,52,66,28,54,82,81,154,113,12
02:00,237,421,12,44,4,34,6,37,21,58,74,111,78,173,12
03:00,185,378,17,27,11,41,16,30,12,21,35,106,75,135,12
04:00,84,159,21,20,12,52,10,12,14,18,24,50,19,60,12
05:00,25,41,64,33,49,18,45,20,30,7,35,20,16,28,12
06:00,124,47,219,70,192,99,192,70,203,80,70,44,87,56,12
07:00,146,86,416,193,548,237,545,203,533,233,194,89,73,54,12
08:00,269,130,1145,541,1253,539,1068,496,1256,494,423,211,157,78,12
09:00,437,205,1290,664,1191,729,1120,618,1149,546,691,377,338,152,12
10:00,783,408,1287,808,1289,831,1139,820,1170,712,1008,616,592,403,12
11:00,970,613,1225,864,1452,902,1338,894,1120,690,1146,718,714,483,12
12:00,1213,767,1576,1111,1589,1125,1536,1040,1217,786,1370,802,879,567,12
13:00,1341,910,1695,1260,2043,1447,1677,1209,1543,925,1494,885,987,569,12
14:00,1847,1245,1538,977,2339,1484,1547,1058,1419,841,1602,982,1028,668,12
15:00,1326,936,1566,1003,2363,1568,1533,924,1561,869,1684,973,1054,666,12
16:00,1259,791,1574,1058,630,410,1568,996,1527,864,1561,1030,912,703,12
17:00,1207,693,1725,1119,1733,1201,1609,1231,1529,1082,1462,975,997,610,12
18:00,1055,669,1403,950,1302,893,1113,740,1324,813,1275,700,906,574,12
19:00,896,557,1059,656,1111,646,964,507,746,394,1094,557,782,441,12
20:00,752,463,737,490,732,523,681,357,547,265,898,484,617,465,12
21:00,462,345,546,359,535,405,419,239,419,253,829,450,401,325,12
22:00,465,281,379,280,397,249,374,164,448,247,724,327,335,268,12
23:00,236,207,306,209,264,181,214,126,359,214,576,266,198,199,12
00:00,48,65,88,86,121,159,119,140,198,457,145,138,277,203,13
01:00,36,57,24,55,53,82,21,69,100,152,79,55,0,0,13
02:00,32,38,19,45,44,65,33,45,24,51,48,32,140,209,13
03:00,14,27,9,40,13,27,10,53,25,34,40,16,145,228,13
04:00,8,15,15,19,40,26,21,49,8,26,16,14,110,293,13
05:00,47,25,35,20,58,23,51,34,37,14,22,9,99,181,13
06:00,220,60,198,61,262,117,198,66,184,57,107,67,193,147,13
07:00,497,223,534,200,612,261,502,202,271,153,154,89,160,170,13
08:00,1114,479,1158,466,1367,592,1167,470,463,243,335,171,307,215,13
09:00,1124,610,1140,607,1369,616,1052,688,653,404,725,467,636,350,13
10:00,1220,716,1159,725,1246,720,1281,811,1073,828,1075,748,1066,546,13
11:00,1256,783,1264,826,1322,990,1487,943,1166,783,1475,928,1413,778,13
12:00,1659,1128,1484,1042,1563,1109,2016,1366,1431,1008,2017,1222,1908,822,13
13:00,1799,1281,2057,1464,1780,1199,2702,1566,1853,1176,2173,1428,1416,779,13
14:00,1786,1221,1671,1107,1735,1259,2680,1664,2429,1423,2241,1528,1257,806,13
15:00,1649,1108,1626,1069,1639,1168,2006,1313,3224,1885,2343,1493,945,651,13
16:00,1691,1193,1700,1054,1455,1096,1923,1254,1983,1255,1662,1101,1144,759,13
17:00,1709,1219,1815,1180,1668,1149,1925,1308,1487,921,1506,978,995,763,13
18:00,1412,900,1562,939,1379,957,1765,1032,1229,763,1356,732,736,639,13
19:00,919,586,952,683,1149,779,1506,734,966,685,1176,663,827,522,13
20:00,655,494,680,401,851,565,1166,656,877,510,878,436,757,435,13
21:00,545,430,583,375,559,454,655,436,558,348,750,437,639,375,13
22:00,355,236,500,426,419,276,617,395,326,271,728,434,461,305,13
23:00,235,206,344,238,279,198,428,499,265,190,534,244,342,229,13
00:00,166,135,110,124,103,94,130,141,169,148,291,221,345,222,14
01:00,86,98,29,57,47,96,50,79,28,112,117,150,179,129,14
02:00,74,81,23,44,5,70,24,49,35,112,71,143,120,162,14
03:00,42,174,10,46,28,57,11,53,15,60,70,184,65,191,14
04:00,22,78,13,11,10,37,12,32,23,33,15,57,23,103,14
05:00,16,32,56,13,37,23,64,24,50,15,27,34,22,37,14
06:00,109,42,236,66,228,82,202,60,207,84,73,61,59,46,14
07:00,121,60,503,201,565,191,515,209,541,228,188,107,78,66,14
08:00,213,99,1101,458,1075,418,1234,497,1123,481,387,189,166,82,14
09:00,350,182,1031,543,1064,491,1072,570,1176,609,618,274,339,194,14
10:00,536,341,1193,802,1208,839,1218,825,1227,808,955,631,654,390,14
11:00,617,467,1267,896,1381,952,1291,886,1367,893,1213,774,711,486,14
12:00,853,572,1837,1209,1674,1155,1911,1371,1755,1187,1646,1043,890,634,14
13:00,872,602,2171,1446,2367,1623,2238,1566,1896,1351,2078,1325,950,643,14
14:00,984,759,2239,1579,2624,1785,2327,1531,1950,1170,2477,1617,1029,751,14
15:00,1107,696,2246,1435,2786,1979,2722,1795,2139,1367,2798,1774,1111,810,14
16:00,1140,650,3269,1924,3288,2296,3311,2253,2051,1432,2987,1957,1089,814,14
17:00,1079,644,2480,1694,2502,1908,2667,1845,2544,1862,2559,1572,1195,680,14
18:00,1060,592,1651,1088,1787,1556,1731,1096,1861,1158,1742,1033,966,583,14
19:00,886,508,1080,742,1022,770,1201,771,1219,679,1155,693,758,606,14
20:00,782,484,703,629,1190,612,954,642,1036,610,968,577,717,389,14
21:00,556,337,651,363,614,428,716,470,763,467,720,432,524,339,14
22:00,463,291,530,350,517,303,634,408,846,416,771,389,396,232,14
23:00,220,299,328,265,358,276,315,291,625,401,573,352,207,176,14
00:00,77,68,86,91,56,94,131,124,206,202,383,294,410,306,15
01:00,48,61,47,38,47,57,26,47,73,100,149,219,176,213,15
02:00,12,32,11,44,22,22,17,41,27,79,83,157,102,174,15
03:00,4,14,6,17,15,33,10,34,36,116,117,216,103,204,15
04:00,14,12,12,11,10,31,16,31,28,42,36,51,38,112,15
05:00,47,14,35,18,38,16,41,16,34,18,32,41,26,38,15
06:00,199,59,218,62,178,54,211,79,191,69,122,56,102,52,15
07:00,537,216,527,204,583,229,677,239,508,200,201,100,103,61,15
08:00,1173,574,1220,574,1132,583,1287,597,1070,486,392,209,188,99,15
09:00,1204,660,1053,709,1304,702,1423,761,1181,661,693,449,380,188,15
10:00,1130,809,1004,696,1163,770,1192,873,1363,815,1098,702,634,329,15
11:00,1222,926,1141,775,1246,844,1329,938,1445,950,1197,868,835,633,15
12:00,1665,1212,1413,1024,1598,1099,1533,1143,1739,1145,1382,1238,1090,865,15
13:00,2343,1667,1760,1251,1851,1278,1726,1233,2057,1444,1749,1124,1260,1002,15
14:00,2049,1283,1488,948,1754,1074,1784,1100,2001,1163,1721,1150,1436,1038,15
15:00,1974,1266,1529,998,1671,1047,1738,1136,2222,1273,1689,994,1175,955,15
16:00,1770,1067,1719,1133,1722,1108,1638,1021,2941,1634,1598,949,1799,1096,15
17:00,1708,1209,1718,1163,1599,1170,1924,1189,2642,1655,1668,973,1560,778,15
18:00,1317,948,1375,953,1411,960,1535,1012,2068,1132,1306,800,1421,822,15
19:00,955,598,924,641,992,733,1165,739,1391,693,1168,687,1006,512,15
20:00,639,503,761,498,725,502,999,628,954,699,936,569,769,515,15
21:00,521,340,615,357,604,364,729,498,836,533,838,473,594,425,15
22:00,417,273,558,349,543,290,648,459,802,374,833,483,489,304,15
23:00,236,148,234,211,277,229,488,267,601,563,664,395,261,191,15
00:00,86,125,94,122,130,123,67,110,106,161,326,239,442,248,16
01:00,40,50,31,38,40,62,20,27,48,77,170,195,179,164,16
02:00,20,43,20,48,16,62,9,19,23,64,108,169,163,197,16
03:00,17,25,4,35,14,35,14,6,26,50,83,243,71,188,16
04:00,8,27,16,17,12,18,45,24,24,48,25,78,25,74,16
05:00,43,22,28,15,58,29,48,24,47,41,32,41,14,39,16
06:00,210,86,217,65,219,51,219,59,209,95,135,100,64,57,16
07:00,548,233,568,227,535,235,548,210,636,226,251,146,95,53,16
08:00,1278,546,1244,564,1104,614,1123,605,1166,545,457,233,201,104,16
09:00,1128,661,1168,631,1114,611,1156,657,1085,699,607,424,417,202,16
10:00,1236,808,1181,813,1277,840,1249,822,1306,862,1060,687,807,468,16
11:00,1355,945,1248,808,1253,868,1313,936,1404,876,1233,749,821,583,16
12:00,1648,1137,1766,1262,1557,1085,1518,996,1807,1145,1662,1075,1014,718,16
13:00,2194,1586,2214,1595,1804,1262,2130,1474,2294,1403,2108,1399,1231,889,16
14:00,1996,1309,2222,1499,1615,1011,1645,1013,2119,1461,1833,1208,1261,830,16
15:00,1668,1132,2688,1710,1633,1171,2542,1595,2066,1280,1778,1048,1753,1064,16
16:00,1624,1097,3199,1892,2058,1297,3431,2064,2502,1438,1724,1041,1192,910,16
17:00,1604,1147,2718,1826,1813,1181,2172,1331,2041,1223,1568,991,1363,914,16
18:00,1314,1028,2588,1657,1289,882,1532,965,1903,1148,1413,793,1451,876,16
19:00,891,589,1048,672,910,597,1191,691,1235,717,1031,645,864,555,16
20:00,700,480,762,470,724,493,1045,653,956,646,895,573,667,471,16
21:00,580,434,569,410,536,385,729,498,922,624,740,493,637,380,16
22:00,455,261,497,356,483,353,564,375,818,493,857,407,489,433,16
23:00,232,146,269,214,193,169,315,292,681,339,551,317,284,362,16
00:00,87,121,71,90,122,99,120,89,174,231,305,264,332,262,17
01:00,42,66,46,38,24,42,27,43,42,85,159,188,181,204,17
02:00,20,47,7,41,11,42,40,29,32,62,107,164,79,188,17
03:00,6,24,19,22,17,30,7,35,20,71,49,163,77,253,17
04:00,6,17,13,12,12,35,24,14,22,37,19,69,15,74,17
05:00,57,20,30,20,34,21,58,17,42,33,39,35,25,41,17
06:00,218,82,225,72,206,60,248,65,230,62,114,59,73,41,17
07:00,583,234,629,238,662,253,720,256,629,240,170,100,106,61,17
08:00,1127,555,1256,533,1108,560,1100,482,1386,625,496,265,195,111,17
09:00,1087,715,1081,614,1224,640,1004,611,1132,644,718,468,467,253,17
10:00,1328,787,1161,800,1228,818,1479,794,1322,816,1055,738,852,441,17
11:00,1335,862,1300,928,1226,903,1294,832,1440,853,1311,948,809,698,17
12:00,1525,1125,1616,1081,1601,1003,1581,1059,1826,1168,1639,982,1022,670,17
13:00,1742,1282,2007,1384,1805,1242,2045,1269,2176,1407,1715,1111,1073,868,17
14:00,1700,1023,2077,1344,1720,1106,2294,1430,1925,1114,2165,1370,1079,899,17
15:00,1400,965,2503,1552,1618,1107,2075,1299,1956,1215,2485,1511,1323,986,17
16:00,1788,1042,2667,1479,1725,1046,2948,1661,2459,1444,2716,1676,1181,740,17
17:00,1749,1187,2524,1684,1763,1127,2584,1711,2457,1460,2315,1327,1264,718,17
18:00,1570,1102,1982,1141,1542,971,2265,1333,2383,1327,1952,1030,2772,1189,17
19:00,939,631,1090,787,1102,787,1447,929,1173,731,1372,818,1089,655,17
20:00,784,509,713,608,782,487,1114,602,1146,600,1010,620,1035,499,17
21:00,556,422,736,523,783,480,929,525,849,548,972,467,705,472,17
22:00,432,362,540,350,537,341,791,412,785,515,946,451,516,544,17
23:00,247,202,272,259,295,234,381,304,655,492,631,426,237,230,17
00:00,119,90,145,143,110,141,133,138,142,162,316,244,440,270,18
01:00,24,55,46,54,17,62,52,66,53,73,101,129,127,191,18
02:00,13,30,13,33,19,42,17,37,46,87,98,158,106,151,18
03:00,6,17,10,36,20,41,26,49,34,78,74,149,88,169,18
04:00,14,21,17,13,12,34,7,30,18,25,22,69,24,88,18
05:00,52,23,38,20,40,21,38,16,39,35,26,42,25,56,18
06:00,180,56,187,55,195,78,204,77,230,86,158,119,87,36,18
07:00,627,241,594,240,517,259,556,214,535,206,189,125,155,79,18
08:00,1420,618,1424,618,1216,538,1043,548,912,467,427,279,249,129,18
09:00,1187,667,1142,790,1029,686,1222,749,1109,745,577,369,379,211,18
10:00,1333,941,1386,947,1265,748,1268,950,1406,815,987,663,602,397,18
11:00,1350,949,1393,997,1273,890,1438,993,1450,879,1215,818,886,623,18
12:00,1714,1158,1691,1151,1522,1031,1773,1133,1681,1178,1531,1063,1091,757,18
13:00,2063,1441,2007,1546,2098,1420,2078,1463,1787,1238,1590,1097,1024,792,18
14:00,2249,1435,2477,1506,2034,1275,1851,1240,1906,1106,1502,1063,1325,1034,18
15:00,2494,1717,1727,1233,2108,1407,1836,1228,1910,1216,2009,1195,1415,997,18
16:00,2242,1554,1785,1198,2469,1440,1808,1185,1905,1132,2604,1482,1210,754,18
17:00,2878,1919,2413,1569,2253,1606,1704,1210,1824,1190,2935,1714,1111,792,18
18:00,2117,1242,1422,1014,2918,1828,1549,985,1564,943,3534,1769,1007,673,18
19:00,1007,688,935,668,1269,927,1222,781,1177,660,1303,710,824,589,18
20:00,752,549,724,457,921,640,986,580,910,583,953,560,740,515,18
21:00,548,434,631,414,722,506,696,468,903,565,804,461,620,398,18
22:00,455,398,609,392,612,458,664,387,685,398,836,511,623,410,18
23:00,243,217,295,252,366,278,337,286,502,320,590,401,472,294,18
00:00,197,228,111,111,94,84,175,153,111,155,299,235,371,341,19
01:00,68,90,56,54,38,49,33,65,35,67,160,174,227,193,19
02:00,82,105,20,35,30,35,23,41,19,39,80,163,110,213,19
03:00,33,155,11,13,18,25,4,24,10,17,75,103,66,273,19
04:00,19,88,7,13,18,25,24,15,14,17,53,56,37,81,19
05:00,24,26,36,18,33,17,30,23,31,14,28,24,40,30,19
06:00,93,46,170,85,216,50,192,62,230,63,114,70,92,57,19
07:00,136,68,557,198,583,193,545,229,577,211,224,115,81,60,19
08:00,227,109,1127,527,1147,537,1057,479,1032,495,445,213,224,118,19
09:00,507,269,1185,620,1205,619,1150,598,1130,755,637,366,344,187,19
10:00,723,493,1179,919,1182,805,1388,899,1357,822,1048,675,689,448,19
11:00,874,615,1392,929,1353,1034,1440,1077,1454,1042,1134,740,831,604,19
12:00,1004,710,1799,1204,1596,1088,1680,1183,1657,1151,1485,932,928,644,19
13:00,1250,778,2132,1527,2022,1341,1888,1284,2076,1469,1485,849,1033,697,19
14:00,1395,951,2284,1611,2207,1319,1937,1263,1900,1265,1704,973,1129,774,19
15:00,1281,805,2106,1495,2542,1572,1665,1065,2696,1698,1943,1208,1214,919,19
16:00,1188,832,2348,1352,1619,1092,1696,994,2619,1604,2168,1264,1267,843,19
17:00,1269,846,1758,1212,2232,1438,1723,1091,2898,1787,2707,1408,1181,771,19
18:00,2325,1359,1468,948,2813,1472,1618,950,3550,1741,2277,1152,1203,716,19
19:00,929,676,982,710,1110,683,1182,671,1459,900,1480,756,1012,644,19
20:00,724,622,693,522,679,520,997,515,994,655,895,579,612,505,19
21:00,586,355,572,420,579,421,713,524,898,501,732,491,422,325,19
22:00,469,373,423,330,467,362,598,344,846,447,864,426,402,288,19
23:00,255,200,305,253,242,204,346,395,652,378,570,357,214,363,19
00:00,100,118,76,96,72,131,113,145,197,194,436,327,369,294,20
01:00,27,59,23,67,39,63,34,79,27,75,183,239,185,226,20
02:00,21,26,4,25,13,37,15,42,48,81,155,209,128,274,20
03:00,5,20,3,26,9,40,21,36,28,82,59,208,66,218,20
04:00,22,30,18,18,11,15,17,16,25,26,16,113,37,111,20
05:00,41,16,42,27,45,17,34,22,43,38,19,28,25,43,20
06:00,202,63,181,54,207,80,195,64,233,83,124,60,85,34,20
07:00,554,253,848,407,739,280,723,286,520,248,210,102,110,81,20
08:00,1063,554,1134,541,1213,540,1222,560,1195,580,401,211,210,120,20
09:00,1014,635,980,640,1119,748,1157,683,1171,729,876,455,484,211,20
10:00,1098,720,1157,810,1131,838,1204,846,1460,997,1452,804,885,507,20
11:00,1213,895,1313,942,1378,886,1458,1004,1679,1029,1593,941,1033,669,20
12:00,1493,1056,1636,1125,1485,1140,1623,1233,1923,1267,1664,1044,1115,771,20
13:00,1752,1169,1845,1352,2047,1290,1862,1394,2325,1528,1697,1059,1521,987,20
14:00,1900,1370,1732,1356,1850,1278,1787,1189,2206,1561,1876,1121,1864,1243,20
15:00,1825,1188,1832,1212,1734,1083,1733,1097,2775,1691,1733,890,2075,1370,20
16:00,2264,1502,1793,1226,1784,1076,1752,1175,2994,1759,1649,891,1979,1230,20
17:00,2056,1450,2116,1500,1819,1312,2504,1572,2956,1726,1400,836,2207,1476,20
18:00,2876,1793,2167,1263,1522,1001,1820,1182,3873,1774,1235,754,2742,1800,20
19:00,967,680,1086,832,904,628,1411,912,1569,867,1281,717,1327,961,20
20:00,592,418,668,445,597,487,986,610,1123,652,908,657,833,598,20
21:00,526,392,627,425,756,441,699,564,961,571,829,454,652,443,20
22:00,430,292,552,321,515,292,823,470,927,539,738,454,622,403,20
23:00,263,205,296,277,322,219,367,340,759,481,631,347,397,245,20
00:00,108,154,85,140,134,183,148,150,148,167,369,294,399,219,21
01:00,35,106,24,35,62,83,33,57,51,93,189,182,183,183,21
02:00,16,37,7,24,33,53,23,46,44,112,87,179,124,278,21
03:00,23,32,10,51,9,56,16,42,14,85,64,166,95,232,21
04:00,23,31,20,13,16,40,20,15,17,41,26,79,39,111,21
05:00,38,17,59,23,44,26,27,18,50,23,65,54,27,50,21
06:00,227,70,220,86,222,59,207,56,233,73,139,61,74,49,21
07:00,563,219,526,215,540,240,919,381,557,237,508,284,84,91,21
08:00,1069,529,1141,540,1080,489,1186,537,1025,536,431,236,235,118,21
09:00,1237,701,1187,690,1147,618,1145,663,1119,697,730,373,471,222,21
10:00,1320,928,1303,869,1347,870,1232,791,1307,819,1026,647,791,458,21
11:00,1463,1086,1367,948,1212,953,1243,877,1709,1058,1354,720,998,584,21
12:00,1572,1236,1729,1132,1717,1169,1636,1069,1750,1230,1580,937,1033,692,21
13:00,1889,1240,2318,1570,1988,1328,1729,1134,2150,1547,1963,1287,1316,832,21
14:00,1683,1257,2065,1346,1867,1249,1742,1120,2200,1533,2271,1403,1542,907,21
15:00,1637,1179,1926,1255,1780,1154,1585,1074,2382,1612,2499,1462,1606,965,21
16:00,1657,1204,2074,1264,1943,1184,1696,1212,2279,1491,2291,1378,1566,1043,21
17:00,1588,1080,2006,1337,2201,1514,1689,1120,2510,1505,2221,1405,1731,1107,21
18:00,1387,903,1442,981,1935,1181,1391,895,3291,1872,1953,1272,2445,1559,21
19:00,934,626,1035,706,1150,728,1144,727,1572,935,1474,1056,1379,885,21
20:00,695,512,746,537,742,494,942,529,1070,673,924,646,687,679,21
21:00,461,385,563,475,702,406,688,428,807,513,763,519,638,400,21
22:00,482,298,542,363,503,386,627,325,870,450,1125,487,561,417,21
23:00,245,150,303,224,356,278,376,264,610,412,791,434,236,292,21
00:00,72,140,112,130,72,73,124,150,203,204,338,232,340,210,22
01:00,37,77,37,68,18,50,40,88,44,99,152,130,174,168,22
02:00,22,41,21,26,6,40,33,52,63,107,118,161,93,164,22
03:00,13,36,6,29,9,12,7,39,22,87,63,116,79,147,22
04:00,19,23,9,19,21,22,12,25,19,44,12,81,38,100,22
05:00,57,15,48,20,42,13,52,13,49,24,24,35,38,54,22
06:00,271,75,309,81,71,34,251,78,287,122,99,40,80,35,22
07:00,564,247,753,365,678,271,1061,524,715,293,342,168,86,63,22
08:00,1313,537,1080,523,1055,493,1002,471,1072,491,346,177,183,109,22
09:00,1190,588,1092,731,1115,614,1044,599,1109,632,667,383,380,216,22
10:00,1132,700,1322,909,1241,799,1187,773,1285,842,1054,633,607,378,22
11:00,1319,857,1383,858,1289,830,1561,900,1482,961,1206,727,873,585,22
12:00,1603,1164,1629,1194,1688,1098,1740,1152,1794,1140,1531,908,1102,722,22
13:00,1832,1296,1994,1448,2102,1482,2229,1471,2076,1297,1438,955,1262,797,22
14:00,1536,989,2032,1386,2073,1347,2170,1553,1960,1199,1501,1042,1335,873,22
15:00,1824,1263,2374,1625,2133,1460,2199,1428,1937,1128,1657,1186,1295,882,22
16:00,1994,1221,2512,1489,1821,1187,2259,1448,1774,1144,1595,1175,1277,911,22
17:00,2117,1299,2517,1491,2369,1597,2470,1580,1882,1203,1604,1214,1248,900,22
18:00,1961,1360,2460,1538,2957,1574,2201,1483,1526,1040,1294,923,1186,746,22
19:00,1310,827,1012,714,1429,906,1401,906,1197,702,1124,615,958,603,22
20:00,739,545,796,576,1194,746,1043,696,944,526,1114,551,754,570,22
21:00,485,391,612,485,743,604,841,535,776,453,1187,465,639,395,22
22:00,456,337,623,474,668,511,655,480,756,422,933,341,587,346,22
23:00,289,261,249,252,391,327,522,335,459,364,755,359,435,276,22
00:00,201,165,99,113,88,147,124,149,162,177,356,231,420,222,23
01:00,107,141,26,73,40,66,24,75,67,104,229,171,160,183,23
02:00,54,96,13,27,23,46,17,46,42,62,104,134,92,161,23
03:00,56,122,9,30,5,44,13,41,9,57,73,169,86,233,23
04:00,30,86,8,20,17,26,8,25,10,24,31,84,32,102,23
05:00,36,45,39,33,43,29,54,23,56,28,37,46,29,54,23
06:00,127,65,241,97,232,78,205,66,245,67,135,47,88,32,23
07:00,136,67,1015,413,1123,478,1143,425,877,403,544,264,270,158,23
08:00,266,140,1091,467,1174,469,1052,505,1114,504,358,220,203,144,23
09:00,517,256,1050,600,966,619,1044,638,1151,674,621,433,404,257,23
10:00,635,459,1238,812,1084,814,1224,854,1299,946,1048,739,745,411,23
11:00,955,566,1367,913,1211,836,1330,871,1419,955,1190,762,940,603,23
12:00,1466,635,1695,1168,1712,1095,1697,1201,1722,1126,1557,989,1067,664,23
13:00,1643,859,2205,1632,2081,1498,2174,1376,2208,1269,1901,1119,1247,834,23
14:00,1607,951,2325,1513,2146,1494,2210,1448,2326,1459,2097,1210,1590,1003,23
15:00,1551,890,1990,1342,2257,1517,2364,1482,2443,1471,2205,1394,1593,1013,23
16:00,1451,1252,2259,1370,2203,1361,2234,1518,2333,1447,2051,1261,1517,1071,23
17:00,1825,1437,2661,1480,2505,1657,2593,1799,2656,1463,2281,1259,1824,1124,23
18:00,2469,1533,3173,1804,3111,1791,3054,1879,3230,1681,2898,1557,2329,1501,23
19:00,1179,947,1291,865,1466,892,1553,892,1713,888,1699,893,1200,835,23
20:00,694,607,677,597,703,570,1063,626,1047,665,978,651,704,626,23
21:00,589,403,542,472,570,492,688,523,892,532,774,544,506,409,23
22:00,481,405,423,422,500,464,622,413,860,628,696,429,517,337,23
23:00,163,152,261,271,287,223,318,302,647,370,642,439,276,270,23
00:00,136,107,94,89,143,118,125,143,127,147,395,316,624,178,24
01:00,43,62,21,40,15,53,23,49,80,83,145,139,579,213,24
02:00,12,48,20,21,24,48,17,46,45,95,76,156,122,191,24
03:00,9,8,8,16,43,47,5,26,24,69,70,171,85,208,24
04:00,10,20,8,12,21,27,10,10,22,37,25,77,33,101,24
05:00,30,16,52,19,52,13,61,23,59,26,33,49,53,64,24
06:00,186,77,240,93,204,70,260,78,237,89,107,65,89,38,24
07:00,961,486,621,216,1056,474,556,237,616,288,534,246,92,80,24
08:00,1132,492,1153,558,1040,422,1077,502,1030,483,355,234,211,110,24
09:00,1081,687,1061,581,1152,690,1140,631,1160,701,631,427,429,267,24
10:00,1165,797,1067,799,1173,756,1170,771,1306,873,1134,751,706,462,24
11:00,1271,1024,1175,870,1425,890,1406,929,1490,978,1316,973,1060,717,24
12:00,1501,1078,1548,1066,1603,1019,1555,1192,1731,1197,1604,1114,1053,799,24
13:00,2018,1401,1782,1299,1866,1243,2102,1438,1957,1348,1813,1357,1183,858,24
14:00,1975,1379,1595,1083,1721,1135,2006,1420,1909,1305,1898,1595,1366,922,24
15:00,1969,1395,1612,1091,1612,1093,1897,1247,1880,1221,2170,1563,1546,1079,24
16:00,2021,1372,1477,1022,1582,1079,2002,1299,1768,1103,2126,1424,1338,891,24
17:00,1947,1295,1620,1112,1667,1132,2112,1419,1932,1198,2317,1222,1246,811,24
18:00,1342,1050,1428,907,1576,1097,2202,1328,1759,1014,2372,1240,989,687,24
19:00,839,573,879,674,1030,566,1563,835,1094,653,1292,698,1011,541,24
20:00,687,495,677,437,705,521,1029,672,941,563,990,535,806,478,24
21:00,466,405,468,339,731,398,694,498,717,401,760,509,502,371,24
22:00,364,262,514,369,463,407,631,449,673,342,682,375,432,268,24
23:00,222,183,249,167,307,250,368,245,723,437,782,374,288,198,24
00:00,104,67,107,158,110,108,170,190,154,228,315,251,346,240,25
01:00,44,47,52,39,38,89,41,77,67,97,160,162,196,171,25
02:00,19,27,20,57,18,84,21,50,33,58,97,164,124,168,25
03:00,30,23,17,38,8,40,16,32,18,49,84,145,52,146,25
04:00,37,23,12,19,7,45,37,31,13,46,26,73,29,80,25
05:00,50,23,53,17,47,26,42,27,57,39,18,36,29,35,25
06:00,191,59,194,49,192,78,231,91,187,76,116,75,72,41,25
07:00,614,267,770,371,720,251,502,204,560,218,274,156,92,64,25
08:00,1303,530,1146,494,1202,487,1172,510,1086,447,364,214,182,111,25
09:00,1193,639,1102,648,948,648,1080,681,1058,667,619,421,447,235,25
10:00,1158,864,1138,811,1089,786,1244,864,1235,823,943,618,682,449,25
11:00,1332,916,1271,941,1308,894,1340,1025,1450,1069,1107,706,781,561,25
12:00,1619,1202,1635,1144,1542,1062,1684,1288,1747,1264,1383,823,966,630,25
13:00,1869,1295,1794,1279,1922,1330,2002,1298,1915,1414,1507,1105,960,680,25
14:00,1621,1109,1637,1231,2138,1361,2032,1415,2066,1376,1742,1048,986,665,25
15:00,1460,968,1709,1184,2114,1298,2108,1452,2340,1517,1778,1090,1097,687,25
16:00,1893,1249,2025,1227,2035,1221,2320,1464,2288,1363,1453,962,1145,764,25
17:00,2149,1266,2208,1390,1812,1255,2016,1343,2037,1307,1865,1095,1188,789,25
18:00,2682,1651,1883,1271,2408,1544,1551,1055,1698,1035,1684,986,1064,655,25
19:00,1465,865,1113,826,1225,869,1256,811,1131,764,1255,698,826,528,25
20:00,683,575,758,536,813,583,1070,561,947,494,816,505,817,442,25
21:00,600,452,806,425,628,477,635,469,692,430,668,446,485,321,25
22:00,546,310,633,371,585,381,629,372,717,475,845,339,516,368,25
23:00,270,257,362,230,340,291,330,308,595,515,661,382,195,259,25
00:00,62,138,108,142,96,154,175,218,150,196,396,236,509,256,26
01:00,33,75,36,81,41,74,62,62,58,93,162,199,234,211,26
02:00,22,38,9,41,19,54,31,68,19,65,77,191,166,210,26
03:00,23,24,11,46,4,43,27,35,31,47,84,181,65,232,26
04:00,13,16,11,9,23,26,14,17,27,38,35,87,35,116,26
05:00,51,21,50,23,58,26,53,17,47,19,28,43,33,49,26
06:00,194,67,210,76,188,76,242,77,211,83,129,67,90,35,26
07:00,663,337,762,317,773,286,567,225,515,202,199,77,133,73,26
08:00,1169,433,1133,526,1149,479,1162,436,1065,480,369,246,217,139,26
09:00,1039,588,1097,670,981,632,1049,639,1026,685,697,406,414,222,26
10:00,1109,854,1151,863,1222,814,1271,845,1315,891,1163,743,740,435,26
11:00,1240,911,1356,918,1343,1061,1173,778,1349,960,1337,948,931,752,26
12:00,1521,1127,1528,1082,1728,1204,1488,996,1703,1074,1498,1223,1036,854,26
13:00,1869,1299,1834,1336,2017,1390,1717,1251,1932,1351,1764,1442,1155,1067,26
14:00,1739,1168,1662,1247,1885,1286,1641,1099,1907,1228,2490,1236,1177,1180,26
15:00,1575,1147,1737,1267,1971,1282,1775,1208,1716,1208,2178,1296,1130,953,26
16:00,1622,1095,1412,1007,1719,1225,1643,1155,1957,1175,2048,1274,1177,790,26
17:00,1735,1229,1735,1112,1754,1273,1709,1127,1946,1247,1965,1141,1761,946,26
18:00,1716,1145,1353,972,2191,1300,1645,1012,2215,1148,2458,1287,2493,891,26
19:00,1173,665,1051,736,1085,725,1305,834,1559,868,1591,840,1298,731,26
20:00,808,584,785,540,878,635,1207,630,1007,622,940,676,904,517,26
21:00,571,491,720,415,568,490,696,495,873,547,786,527,626,365,26
22:00,525,339,560,384,626,432,648,348,916,507,977,439,493,403,26
23:00,312,247,285,320,381,405,486,398,689,373,742,427,280,218,26
00:00,137,130,83,140,90,131,182,147,153,174,361,278,391,236,27
01:00,165,77,44,41,44,55,39,88,75,89,152,173,234,152,27
02:00,34,50,7,27,14,27,15,35,42,112,81,177,191,200,27
03:00,28,47,8,12,11,16,30,33,48,69,77,172,80,242,27
04:00,16,23,12,12,18,13,11,24,17,41,27,82,47,105,27
05:00,41,22,46,24,53,22,49,21,55,26,25,43,45,57,27
06:00,241,81,190,71,193,66,199,54,213,75,114,71,88,62,27
07:00,369,156,509,185,514,229,718,328,521,228,328,165,115,71,27
08:00,1037,468,1110,476,1124,484,1148,474,1083,494,355,240,292,134,27
09:00,1085,664,1117,658,1033,628,1060,717,1018,598,637,435,409,276,27
10:00,1217,842,1012,687,1187,848,1098,886,1185,730,1060,733,784,473,27
11:00,1334,980,1153,827,1365,948,1405,1020,1425,1038,1230,912,855,718,27
12:00,1563,1129,1573,1026,1478,1170,1539,1179,1818,1189,1469,1098,1039,956,27
13:00,1918,1222,1658,1257,1867,1358,1899,1419,2006,1481,1664,1357,1160,982,27
14:00,1721,1182,1527,1055,1786,1229,1925,1281,2188,1482,2007,1349,1151,1177,27
15:00,1830,1208,1516,1087,1841,1248,1982,1467,2362,1535,2006,1373,1224,1051,27
16:00,1834,1186,1671,1074,2016,1188,1981,1417,2327,1486,1842,1272,1479,1001,27
17:00,1856,1234,1744,1156,1922,1258,1897,1409,2430,1520,2013,1202,2178,953,27
18:00,1962,1224,1609,971,1363,837,1725,1187,2194,1291,2133,1221,3140,1161,27
19:00,1192,706,906,653,1026,719,1241,795,1299,840,1355,777,1613,935,27
20:00,705,515,656,482,820,626,1018,639,965,650,899,597,882,536,27
21:00,583,384,476,334,584,446,683,516,874,548,725,516,608,465,27
22:00,507,316,612,333,566,417,756,414,792,483,820,401,553,365,27
23:00,246,214,281,216,371,263,428,344,664,435,714,411,340,248,27
00:00,127,154,104,138,142,169,211,242,175,219,346,260,393,384,28
01:00,52,90,48,63,45,105,43,88,70,140,205,208,138,194,28
02:00,29,61,31,75,27,75,24,64,43,81,66,183,162,203,28
03:00,17,27,16,14,19,62,40,65,19,80,80,186,86,220,28
04:00,19,57,21,33,22,63,28,42,33,40,46,122,49,114,28
05:00,48,15,45,21,41,24,53,26,63,37,46,28,24,45,28
06:00,203,86,205,66,204,67,253,75,237,79,165,58,89,55,28
07:00,769,332,975,453,1180,506,1000,452,869,376,327,182,129,83,28
08:00,1194,468,1334,527,1240,531,1154,539,1068,536,453,252,234,131,28
09:00,1145,677,1214,669,1149,650,1173,686,1158,729,925,466,538,276,28
10:00,1254,856,1393,955,1364,850,1347,898,1377,842,1284,745,862,477,28
11:00,1364,913,1492,963,1404,899,1405,982,1618,1015,1465,999,1181,985,28
12:00,1540,1072,1618,1075,1603,1052,1557,1000,1703,1090,1728,1023,1399,1264,28
13:00,2156,1400,2040,1378,1933,1349,1997,1331,2024,1283,1926,1069,1482,1247,28
14:00,2030,1228,2045,1236,2001,1351,2061,1421,2176,1312,1967,1196,1718,1059,28
15:00,1933,1304,1983,1316,2162,1377,2114,1357,2160,1352,2168,1261,2103,1038,28
16:00,2005,1351,2019,1133,2190,1376,2203,1300,2277,1362,1878,1174,2754,976,28
17:00,2311,1420,2268,1315,2492,1453,2579,1497,2378,1461,2360,1304,2203,931,28
18:00,2687,1508,2762,1363,3014,1472,3146,1578,2787,1525,2264,1374,2441,1122,28
19:00,1587,1001,1617,966,1668,990,1899,938,1826,967,1624,1134,1448,873,28
20:00,748,578,794,655,803,604,1141,787,1127,769,1055,759,868,616,28
21:00,564,515,621,471,636,526,745,615,856,622,883,536,665,481,28
22:00,565,412,681,446,583,439,672,512,876,550,866,458,571,400,28
23:00,308,231,358,358,375,359,443,368,721,472,659,384,322,447,28
00:00,274,686,129,161,135,176,137,192,172,251,444,304,431,263,29
01:00,76,205,35,71,45,104,69,114,77,104,161,211,202,224,29
02:00,23,68,23,46,16,48,29,50,57,89,117,204,141,221,29
03:00,14,42,21,37,18,39,23,53,62,76,107,188,67,222,29
04:00,16,27,27,22,24,30,14,21,17,46,39,77,48,105,29
05:00,44,23,38,28,49,34,49,25,56,29,28,38,38,35,29
06:00,218,66,215,71,237,74,212,61,196,90,188,75,102,67,29
07:00,528,200,566,244,597,245,976,484,981,415,404,235,120,85,29
08:00,1133,480,1164,448,1148,494,1189,514,1173,580,525,261,225,108,29
09:00,1067,698,1056,698,1068,680,1205,766,1134,668,748,491,508,267,29
10:00,1263,879,1307,913,1253,873,1410,1003,1326,933,1220,737,876,512,29
11:00,1436,932,1371,1063,1456,1027,1700,1069,1686,1172,1467,977,1036,703,29
12:00,1791,1198,1516,1094,1652,1110,1680,1077,1759,1140,1590,940,1237,955,29
13:00,1888,1372,1901,1409,2008,1295,1967,1351,2095,1419,1795,1161,1341,982,29
14:00,1667,1241,1752,1216,2251,1483,2070,1356,2201,1390,1944,1198,1446,948,29
15:00,1787,1206,1780,1229,1792,1192,2320,1399,2186,1537,2086,1244,1430,1003,29
16:00,1851,1135,1799,1237,2197,1297,2255,1349,2279,1433,1807,1124,1617,1023,29
17:00,1813,1211,2050,1366,2059,1334,2126,1366,2548,1468,2191,1133,2029,1116,29
18:00,1579,922,1654,1033,2781,1506,3083,1600,3048,1566,2747,1216,2434,1185,29
19:00,1176,720,1114,699,1548,983,1926,923,1896,943,1877,984,1330,911,29
20:00,693,545,844,605,941,691,1193,709,1037,650,1024,629,738,583,29
21:00,664,472,685,516,695,548,776,548,869,609,860,539,636,531,29
22:00,534,478,491,495,656,532,613,479,864,520,863,520,479,444,29
23:00,323,382,349,410,381,318,513,578,747,567,659,495,285,274,29
00:00,126,168,135,174,122,177,178,207,131,173,321,234,322,234,30
01:00,38,79,53,67,54,56,50,103,58,90,144,164,152,152,30
02:00,37,43,24,42,19,73,22,52,37,76,74,157,130,165,30
03:00,12,47,19,42,24,44,31,53,33,60,73,152,61,181,30
04:00,16,27,7,21,20,41,17,31,17,34,30,77,38,85,30
05:00,46,25,55,21,50,23,50,25,45,24,27,30,27,35,30
06:00,205,65,189,70,208,58,224,67,169,65,129,56,74,48,30
07:00,537,194,518,216,860,346,911,452,624,275,295,162,96,62,30
08:00,1146,529,1110,502,1125,524,1181,547,875,435,371,209,199,98,30
09:00,1117,637,1079,700,1076,743,1163,776,871,540,644,388,386,217,30
10:00,1330,935,1263,772,1241,844,1305,998,1023,678,994,617,668,387,30
11:00,1312,1092,1326,876,1341,959,1526,1099,1245,874,1160,804,815,638,30
12:00,1682,1188,1566,1089,1604,1207,1617,1167,1391,927,1335,853,976,842,30
13:00,2039,1506,1908,1382,1849,1339,1985,1470,1613,1134,1503,1000,1057,852,30
14:00,1993,1454,1746,1251,1680,1253,2050,1453,1729,1134,1651,1043,1145,845,30
15:00,1988,1362,1771,1205,1774,1108,2172,1513,1767,1199,1746,1081,1262,820,30
16:00,1870,1238,1671,1184,1842,1166,2180,1457,1813,1161,1542,996,1553,796,30
17:00,1860,1320,1844,1143,1784,1248,2235,1531,1938,1206,1832,1015,1701,796,30
18:00,1498,992,1382,868,1557,1083,2693,1564,2115,1188,1993,1063,2127,920,30
19:00,1057,751,1037,752,1073,779,1715,952,1322,745,1355,807,1165,721,30
20:00,732,617,829,580,872,580,1135,765,825,561,831,553,660,460,30
21:00,564,467,609,515,518,429,746,601,685,483,688,444,506,392,30
22:00,603,313,675,439,504,380,691,502,667,421,711,384,425,321,30
23:00,283,271,395,325,245,203,468,462,561,399,567,359,250,258,30
00:00,179,349,126,193,133,178,179,240,152,230,470,373,314,286,31
01:00,56,128,47,82,48,90,55,114,65,118,216,272,134,185,31
02:00,29,59,27,66,20,66,25,62,42,87,108,254,118,191,31
03:00,14,39,18,38,19,49,31,64,36,77,109,245,58,202,31
04:00,17,38,18,30,21,44,19,35,20,42,48,129,37,98,31
05:00,47,21,47,28,45,27,50,28,51,32,41,44,23,37,31
06:00,213,74,209,85,214,67,233,75,190,83,203,88,72,54,31
07:00,627,250,708,374,874,372,981,522,785,379,434,271,94,74,31
08:00,1188,510,1241,606,1164,527,1197,603,989,553,570,337,180,109,31
09:00,1138,694,1152,849,1091,706,1203,839,1004,690,981,629,392,247,31
10:00,1316,922,1363,1084,1279,873,1380,1092,1184,874,1481,981,659,447,31
11:00,1406,1015,1441,1191,1392,981,1573,1187,1445,1091,1733,1300,831,756,31
12:00,1717,1195,1617,1339,1611,1148,1651,1224,1542,1126,1972,1318,991,997,31
13:00,2082,1479,2013,1712,1920,1356,2023,1566,1822,1368,2213,1512,1065,1004,31
14:00,1948,1356,1908,1521,1967,1392,2101,1596,1941,1368,2357,1609,1182,928,31
15:00,1954,1338,1904,1541,1899,1252,2246,1610,1943,1458,2542,1679,1316,931,31
16:00,1960,1287,1889,1460,2066,1307,2256,1548,2025,1411,2214,1543,1625,910,31
17:00,2048,1366,2121,1571,2100,1375,2359,1657,2182,1475,2704,1616,1627,925,31
18:00,1973,1183,1995,1341,2438,1383,3033,1788,2527,1527,2967,1710,1921,1050,31
19:00,1308,855,1297,993,1422,937,1883,1061,1603,948,2057,1370,1082,816,31
20:00,744,602,849,756,868,639,1179,852,950,707,1233,909,622,541,31
21:00,614,502,659,617,613,512,770,666,766,612,1029,711,496,458,31
22:00,583,416,635,567,578,460,672,563,765,532,1033,638,405,379,31
23:00,312,305,379,448,332,300,484,531,645,513,798,578,234,318,31
00:00,155,348,130,188,152,209,153,205,161,215,411,312,371,289,32
01:00,45,118,45,78,57,98,54,106,70,102,173,222,169,207,32
02:00,23,48,24,54,21,73,23,51,48,83,99,211,134,213,32
03:00,10,36,19,41,23,51,26,53,45,70,96,201,64,223,32
04:00,12,25,17,25,24,44,15,27,19,39,39,97,42,106,32
05:00,35,19,46,26,56,33,45,24,53,27,32,38,30,38,32
06:00,169,58,205,79,256,77,209,64,197,78,172,75,85,62,32
07:00,451,185,600,295,910,379,896,467,849,352,376,229,107,81,32
08:00,923,438,1177,550,1341,608,1114,532,1080,516,487,277,210,116,32
09:00,885,585,1100,796,1262,837,1115,762,1070,625,790,518,447,269,32
10:00,1041,790,1317,981,1472,1019,1279,990,1256,819,1230,803,767,497,32
11:00,1106,877,1386,1108,1635,1168,1499,1074,1556,1034,1452,1060,935,775,32
12:00,1384,1034,1575,1249,1900,1365,1547,1112,1670,1054,1632,1071,1118,1034,32
13:00,1602,1259,1951,1596,2255,1572,1867,1406,1968,1294,1837,1265,1208,1050,32
14:00,1495,1170,1812,1413,2303,1626,1944,1411,2090,1285,1984,1326,1315,1007,32
15:00,1527,1129,1828,1409,2133,1400,2106,1449,2098,1385,2124,1378,1398,1019,32
16:00,1514,1058,1796,1375,2384,1485,2091,1395,2177,1322,1854,1261,1672,1009,32
17:00,1525,1126,2016,1446,2321,1559,2101,1460,2372,1370,2242,1296,1868,1049,32
18:00,1346,895,1686,1149,2645,1565,2753,1586,2736,1413,2569,1373,2260,1167,32
19:00,944,672,1156,866,1578,1063,1727,940,1716,870,1763,1088,1247,906,32
20:00,579,510,845,688,1046,752,1097,745,1001,633,1029,720,704,586,32
21:00,491,416,655,584,713,587,717,582,826,563,859,583,572,511,32
22:00,459,349,603,532,678,541,617,495,817,487,869,531,457,423,32
23:00,245,277,375,419,373,323,458,503,694,488,674,493,268,315,32
00:00,166,301,145,185,142,211,146,198,154,242,443,360,342,264,33
01:00,50,112,53,75,56,91,45,98,66,120,196,258,153,177,33
02:00,31,52,28,54,21,78,19,50,43,95,103,244,129,184,33
03:00,13,41,20,40,23,54,24,51,39,80,101,234,62,197,33
04:00,16,31,15,25,22,48,14,28,18,44,43,119,39,93,33
05:00,45,21,54,25,52,30,41,22,51,31,36,43,26,35,33
06:00,212,67,225,78,239,75,189,62,193,87,186,86,78,52,33
07:00,586,218,682,295,931,411,794,440,784,391,407,259,100,70,33
08:00,1181,513,1319,552,1279,623,995,513,1023,586,527,323,199,104,33
09:00,1139,666,1245,781,1208,859,992,726,1023,723,891,602,416,238,33
10:00,1338,921,1474,945,1406,1028,1130,940,1204,924,1368,943,711,433,33
11:00,1387,1038,1553,1058,1540,1168,1310,1026,1476,1168,1604,1242,876,707,33
12:00,1737,1190,1780,1226,1804,1399,1374,1070,1601,1211,1824,1274,1049,937,33
13:00,2078,1478,2197,1564,2124,1604,1676,1357,1880,1480,2051,1485,1132,947,33
14:00,1974,1386,2045,1396,2098,1605,1738,1363,2004,1477,2213,1564,1238,906,33
15:00,1986,1333,2059,1386,2047,1413,1861,1398,2020,1576,2368,1627,1352,903,33
16:00,1941,1248,2004,1340,2219,1488,1862,1345,2092,1519,2072,1493,1648,886,33
17:00,1973,1327,2237,1387,2188,1572,1909,1421,2258,1580,2503,1544,1767,903,33
18:00,1749,1069,1894,1120,2341,1515,2419,1510,2566,1610,2780,1630,2144,1023,33
19:00,1202,793,1306,871,1436,1045,1519,903,1615,1000,1912,1284,1187,797,33
20:00,747,602,944,674,982,741,973,722,966,741,1143,858,676,518,33
21:00,606,482,720,572,650,574,637,565,792,646,951,683,535,444,33
22:00,597,376,715,512,620,519,565,477,782,562,966,610,438,366,33
23:00,305,297,429,397,335,311,403,457,661,546,753,562,255,291,33
00:00,188,378,123,155,128,180,179,233,161,225,471,394,424,368,34
01:00,57,135,44,64,48,84,57,116,69,111,208,283,189,249,34
02:00,30,60,24,48,18,65,24,58,45,86,110,267,157,258,34
03:00,13,43,17,32,18,46,30,60,41,73,109,255,75,273,34
04:00,16,35,14,21,19,40,18,32,19,40,46,129,48,130,34
05:00,47,22,45,21,45,27,50,26,53,29,38,46,32,47,34
06:00,223,75,197,66,211,66,236,72,200,80,200,93,96,73,34
07:00,626,247,614,265,812,350,1004,516,838,368,433,285,123,98,34
08:00,1241,555,1154,471,1132,530,1243,596,1072,543,564,352,242,143,34
09:00,1192,738,1080,669,1065,723,1244,841,1074,669,948,658,518,331,34
10:00,1392,999,1283,831,1243,880,1425,1093,1263,859,1453,1027,882,605,34
11:00,1469,1112,1354,927,1366,999,1647,1188,1553,1081,1707,1355,1090,984,34
12:00,1824,1299,1537,1054,1591,1180,1720,1233,1670,1114,1936,1380,1304,1306,34
13:00,2173,1602,1905,1346,1885,1367,2094,1567,1968,1361,2175,1605,1407,1320,34
14:00,2042,1487,1782,1196,1906,1395,2175,1581,2094,1357,2337,1694,1544,1250,34
15:00,2062,1444,1790,1198,1820,1226,2337,1613,2103,1452,2508,1764,1680,1256,34
16:00,2042,1365,1759,1153,1997,1291,2335,1552,2184,1397,2189,1618,2043,1234,34
17:00,2091,1452,1970,1217,1979,1359,2396,1642,2363,1454,2657,1678,2175,1266,34
18:00,1911,1196,1724,997,2222,1346,3086,1768,2716,1495,2966,1775,2613,1426,34
19:00,1303,882,1163,755,1328,919,1929,1052,1712,926,2044,1409,1453,1108,34
20:00,781,651,816,586,867,643,1222,840,1012,684,1215,937,827,724,34
21:00,645,532,629,490,591,504,799,656,827,599,1013,745,662,622,34
22:00,618,434,604,445,562,457,698,555,821,520,1023,670,537,514,34
23:00,325,333,366,349,311,281,506,540,694,508,793,615,313,407,34
00:00,151,309,137,184,129,198,154,203,124,184,398,299,408,305,35
01:00,44,109,49,75,49,90,51,102,53,90,173,214,183,209,35
02:00,24,47,26,54,18,71,21,50,35,71,93,202,150,216,35
03:00,10,36,18,38,19,49,25,51,32,60,92,193,72,229,35
04:00,12,27,15,24,19,43,14,27,14,33,37,96,46,108,35
05:00,37,18,50,25,47,29,43,22,40,23,31,35,31,39,35
06:00,179,59,217,77,217,71,204,62,154,65,168,70,92,61,35
07:00,494,195,659,298,819,376,868,452,646,301,366,216,118,82,35
08:00,995,454,1268,548,1158,581,1080,521,831,446,475,267,233,119,35
09:00,956,599,1189,782,1091,798,1080,740,829,547,791,499,495,276,35
10:00,1121,817,1416,961,1272,965,1236,960,975,705,1220,779,847,506,35
11:00,1178,912,1492,1078,1402,1100,1436,1045,1200,890,1434,1028,1042,814,35
12:00,1471,1063,1700,1231,1636,1302,1497,1086,1295,917,1624,1047,1248,1083,35
13:00,1742,1309,2104,1572,1935,1500,1819,1377,1524,1122,1827,1224,1347,1096,35
14:00,1640,1219,1960,1398,1948,1527,1889,1385,1621,1118,1969,1289,1472,1045,35
15:00,1659,1179,1973,1393,1854,1333,2034,1418,1630,1198,2109,1341,1592,1050,35
16:00,1636,1107,1933,1349,2039,1408,2029,1365,1691,1150,1842,1229,1927,1035,35
17:00,1663,1178,2163,1413,2004,1482,2066,1438,1833,1196,2230,1271,2088,1063,35
18:00,1489,953,1844,1139,2226,1461,2663,1547,2101,1226,2505,1343,2522,1195,35
19:00,1026,708,1260,869,1341,1000,1670,921,1322,759,1723,1063,1397,929,35
20:00,627,532,906,680,895,705,1062,734,781,559,1021,707,793,604,35
21:00,518,431,697,574,604,549,694,574,641,491,851,566,636,521,35
22:00,498,350,668,520,575,500,606,486,633,426,861,509,515,431,35
23:00,260,273,406,407,315,302,441,478,536,419,668,469,300,335,35
00:00,155,290,111,143,132,187,152,219,138,210,326,277,436,355,36
01:00,45,104,39,58,50,84,48,109,58,104,144,198,195,240,36
02:00,25,46,21,42,18,68,20,54,38,81,75,187,161,249,36
03:00,11,35,14,29,19,46,24,56,35,68,74,179,77,265,36
04:00,12,27,11,18,19,40,14,30,16,37,31,89,49,125,36
05:00,39,17,40,18,47,26,42,23,45,26,26,32,32,45,36
06:00,187,59,174,59,219,66,199,67,172,74,137,65,98,70,36
07:00,520,194,533,234,846,360,848,487,716,341,299,199,126,94,36
08:00,1044,447,1022,428,1178,550,1057,564,923,507,388,247,250,138,36
09:00,1004,588,960,609,1110,754,1056,799,923,624,652,461,531,319,36
10:00,1176,804,1140,747,1295,911,1207,1036,1086,801,1003,721,907,585,36
11:00,1232,900,1202,836,1422,1036,1399,1129,1335,1011,1177,952,1118,950,36
12:00,1539,1045,1372,959,1662,1231,1463,1175,1443,1045,1337,972,1340,1262,36
13:00,1832,1291,1697,1225,1964,1419,1782,1491,1697,1278,1503,1134,1446,1277,36
14:00,1729,1204,1583,1090,1967,1437,1850,1501,1807,1274,1620,1195,1584,1215,36
15:00,1745,1163,1592,1086,1890,1261,1986,1535,1817,1362,1735,1243,1721,1217,36
16:00,1718,1095,1557,1049,2067,1328,1984,1477,1885,1311,1516,1140,2091,1197,36
17:00,1751,1164,1742,1098,2039,1401,2030,1560,2039,1364,1836,1180,2245,1226,36
18:00,1574,946,1493,890,2243,1371,2603,1673,2333,1396,2049,1247,2709,1382,36
19:00,1080,701,1020,681,1356,941,1632,997,1468,866,1411,987,1502,1075,36
20:00,659,526,729,530,906,663,1038,796,871,640,839,658,855,701,36
21:00,541,425,560,447,610,516,679,622,714,560,699,524,683,603,36
22:00,524,341,543,404,580,469,596,527,707,486,708,470,554,498,36
23:00,272,266,329,315,318,284,431,510,598,475,550,432,323,391,36
00:00,152,311,112,159,126,168,165,220,127,191,350,264,372,276,37
01:00,44,111,40,65,48,77,53,109,54,94,154,188,167,187,37
02:00,24,48,21,47,17,60,21,54,35,73,81,177,137,194,37
03:00,10,36,14,32,17,42,26,55,32,62,80,170,65,205,37
04:00,12,27,11,20,18,36,15,29,14,33,33,84,41,97,37
05:00,38,18,41,20,45,24,46,23,41,24,27,30,27,34,37
06:00,182,61,179,66,210,60,219,67,157,68,147,62,83,54,37
07:00,507,202,550,263,809,324,932,489,661,313,322,190,107,73,37
08:00,1015,464,1050,478,1133,495,1158,564,849,463,418,234,212,107,37
09:00,975,613,984,680,1067,679,1158,799,849,571,701,439,454,248,37
10:00,1141,835,1170,839,1245,822,1326,1037,999,734,1078,686,775,456,37
11:00,1200,932,1234,940,1369,936,1537,1129,1228,925,1267,906,957,739,37
12:00,1497,1087,1406,1074,1598,1109,1606,1174,1326,955,1438,925,1147,984,37
13:00,1779,1341,1741,1371,1892,1280,1954,1491,1560,1168,1617,1078,1238,995,37
14:00,1675,1248,1625,1219,1903,1303,2029,1502,1661,1164,1740,1136,1355,946,37
15:00,1693,1209,1634,1216,1819,1141,2181,1535,1670,1246,1865,1183,1471,949,37
16:00,1671,1139,1601,1175,1996,1203,2178,1477,1733,1198,1629,1085,1786,933,37
17:00,1705,1211,1792,1233,1969,1268,2227,1560,1875,1247,1974,1123,1917,958,37
18:00,1541,988,1544,1001,2188,1248,2865,1677,2151,1279,2208,1188,2310,1078,37
19:00,1056,731,1050,763,1316,855,1794,999,1354,792,1521,941,1282,838,37
20:00,640,545,748,594,872,601,1140,797,802,585,903,626,730,547,37
21:00,527,443,575,500,590,469,746,623,656,513,753,499,584,471,37
22:00,507,359,554,453,562,426,652,527,650,444,762,448,473,389,37
23:00,264,277,336,355,308,259,472,514,550,435,590,413,276,305,37
00:00,188,407,139,208,148,215,125,168,190,243,476,320,380,327,38
01:00,55,145,49,85,56,97,40,83,81,120,208,229,169,221,38
02:00,29,63,25,60,19,77,16,41,52,94,110,215,139,229,38
03:00,12,47,17,42,20,52,20,42,48,78,108,206,66,243,38
04:00,14,36,13,25,20,45,11,22,20,42,43,102,42,115,38
05:00,46,22,49,26,52,30,34,17,61,29,37,36,28,40,38
06:00,224,79,220,86,245,76,165,51,236,85,199,74,85,63,38
07:00,625,265,671,340,941,414,706,375,988,395,436,230,109,86,38
08:00,1256,612,1288,621,1321,635,879,433,1271,587,567,285,216,126,38
09:00,1207,807,1208,885,1244,871,879,614,1271,722,948,534,463,294,38
10:00,1414,1100,1438,1089,1451,1054,1006,797,1496,928,1460,834,791,539,38
11:00,1485,1229,1515,1220,1596,1201,1167,868,1839,1172,1715,1102,975,873,38
12:00,1855,1433,1728,1397,1866,1425,1220,904,1987,1211,1947,1125,1170,1162,38
13:00,2203,1767,2139,1783,2207,1642,1484,1147,2337,1481,2191,1313,1262,1175,38
14:00,2076,1646,1995,1586,2217,1669,1541,1154,2488,1476,2359,1383,1381,1119,38
15:00,2098,1592,2007,1581,2120,1461,1657,1181,2501,1579,2528,1439,1498,1123,38
16:00,2068,1498,1966,1529,2326,1541,1654,1136,2595,1518,2208,1320,1817,1105,38
17:00,2107,1594,2199,1602,2291,1623,1689,1199,2809,1581,2674,1366,1957,1133,38
18:00,1894,1295,1884,1297,2537,1596,2172,1288,3220,1619,2994,1444,2361,1276,38
19:00,1302,960,1286,990,1529,1094,1361,767,2026,1003,2060,1143,1309,992,38
20:00,793,719,920,772,1019,770,866,612,1200,740,1224,760,744,647,38
21:00,652,583,707,651,687,600,566,479,983,649,1019,606,596,557,38
22:00,629,471,681,590,654,546,496,404,973,563,1032,544,483,460,38
23:00,328,366,414,461,358,329,360,394,823,552,800,502,281,360,38
00:00,164,355,114,151,123,161,170,223,177,247,395,328,403,359,39
01:00,47,126,39,61,46,73,54,110,75,122,172,233,180,243,39
02:00,25,54,20,43,16,57,21,54,48,94,90,220,147,252,39
03:00,10,41,14,30,16,39,26,56,44,79,89,210,70,266,39
04:00,11,31,10,18,17,34,14,29,18,42,35,103,44,126,39
05:00,40,20,40,18,43,22,46,23,57,30,30,36,29,43,39
06:00,195,69,180,62,204,57,223,67,221,86,165,76,89,69,39
07:00,546,232,552,248,791,311,954,498,927,403,361,234,115,94,39
08:00,1097,535,1059,452,1107,476,1188,575,1194,599,469,290,229,138,39
09:00,1054,707,993,643,1043,653,1188,816,1194,738,788,544,490,323,39
10:00,1234,964,1181,792,1217,790,1359,1058,1404,948,1213,851,838,592,39
11:00,1296,1078,1246,887,1337,899,1576,1154,1727,1196,1425,1123,1033,961,39
12:00,1619,1256,1422,1017,1563,1068,1648,1201,1867,1237,1619,1148,1241,1280,39
13:00,1925,1550,1759,1298,1850,1232,2007,1524,2196,1513,1821,1340,1338,1295,39
14:00,1814,1444,1641,1155,1857,1251,2083,1534,2338,1507,1960,1412,1466,1231,39
15:00,1833,1397,1651,1151,1778,1096,2239,1570,2351,1612,2100,1469,1591,1235,39
16:00,1807,1315,1616,1113,1949,1155,2235,1510,2439,1551,1835,1347,1932,1215,39
17:00,1842,1399,1809,1166,1921,1217,2286,1594,2640,1614,2223,1395,2075,1245,39
18:00,1658,1138,1552,945,2125,1196,2936,1713,3025,1654,2486,1474,2503,1403,39
19:00,1139,843,1058,722,1282,820,1840,1021,1904,1025,1712,1167,1388,1091,39
20:00,693,630,756,563,853,577,1170,815,1127,757,1016,777,790,711,39
21:00,570,511,581,474,576,450,765,636,924,664,847,619,632,612,39
22:00,550,413,561,429,548,409,670,539,914,575,858,556,512,506,39
23:00,287,320,340,336,301,246,486,523,774,563,665,512,299,396,39
00:00,184,380,127,173,115,172,131,195,139,199,441,332,285,223,40
01:00,52,135,44,70,43,78,42,96,59,98,192,236,128,151,40
02:00,28,58,23,50,14,60,17,47,38,76,100,222,104,157,40
03:00,10,43,16,34,14,41,20,49,34,64,99,213,49,166,40
04:00,13,33,12,21,15,36,11,24,14,34,40,104,31,78,40
05:00,45,21,44,21,40,23,35,20,44,23,33,37,20,27,40
06:00,219,73,201,71,191,60,172,58,172,69,183,76,62,43,40
07:00,613,248,616,286,740,331,739,436,726,324,403,238,81,58,40
08:00,1232,572,1180,522,1037,508,920,503,934,482,523,293,161,86,40
09:00,1183,756,1106,744,976,697,920,713,934,594,878,551,346,201,40
10:00,1387,1030,1317,915,1139,843,1053,926,1099,763,1352,863,592,369,40
11:00,1457,1150,1388,1026,1253,961,1220,1008,1352,963,1589,1139,730,599,40
12:00,1820,1342,1584,1175,1464,1140,1277,1051,1462,996,1806,1165,878,799,40
13:00,2163,1656,1961,1501,1733,1315,1554,1333,1720,1218,2031,1359,947,808,40
14:00,2038,1543,1829,1335,1741,1337,1613,1342,1831,1214,2186,1432,1036,768,40
15:00,2058,1493,1841,1331,1665,1171,1734,1373,1841,1299,2342,1490,1125,771,40
16:00,2030,1405,1802,1286,1827,1235,1732,1321,1910,1249,2046,1366,1365,759,40
17:00,2069,1495,2017,1348,1801,1301,1770,1395,2067,1300,2479,1415,1467,778,40
18:00,1864,1216,1732,1093,1995,1279,2275,1498,2369,1332,2773,1495,1769,876,40
19:00,1280,901,1180,835,1202,877,1426,893,1491,826,1910,1184,981,681,40
20:00,778,674,843,651,799,617,906,712,884,610,1134,788,558,445,40
21:00,641,547,648,547,540,481,593,557,724,534,945,628,447,382,40
22:00,618,442,624,496,514,437,519,470,716,463,957,564,362,316,40
23:00,322,343,379,389,282,265,376,458,606,454,742,520,211,247,40
00:00,184,363,129,180,136,193,137,185,176,235,412,360,247,193,41
01:00,52,129,45,73,51,86,43,91,74,116,179,256,110,131,41
02:00,27,55,22,51,17,67,17,44,48,90,94,241,89,135,41
03:00,10,41,15,35,17,46,21,46,44,74,92,230,42,143,41
04:00,12,31,11,21,17,40,11,23,17,40,36,113,26,67,41
05:00,44,20,45,21,47,26,36,19,56,27,31,39,17,23,41
06:00,219,69,206,74,224,67,180,55,219,82,171,82,53,37,41
07:00,615,237,632,296,870,371,773,414,923,384,377,258,69,50,41
08:00,1237,547,1211,540,1219,569,963,478,1189,571,489,318,139,74,41
09:00,1188,722,1136,770,1147,781,963,678,1189,702,821,599,299,174,41
10:00,1392,985,1352,948,1339,945,1102,881,1398,902,1265,936,511,319,41
11:00,1462,1100,1426,1062,1472,1077,1279,960,1720,1139,1486,1236,630,519,41
12:00,1827,1284,1628,1217,1723,1280,1338,1001,1860,1179,1689,1265,758,692,41
13:00,2172,1584,2014,1554,2038,1475,1628,1269,2188,1442,1901,1476,818,699,41
14:00,2047,1476,1878,1382,2047,1500,1690,1278,2329,1437,2046,1555,895,665,41
15:00,2067,1428,1891,1378,1958,1313,1817,1307,2342,1537,2192,1618,971,668,41
16:00,2038,1344,1850,1332,2148,1385,1814,1258,2429,1478,1915,1483,1179,657,41
17:00,2078,1430,2071,1396,2116,1459,1855,1328,2630,1539,2320,1536,1268,674,41
18:00,1870,1163,1776,1131,2343,1434,2384,1426,3014,1577,2596,1624,1529,759,41
19:00,1285,862,1211,864,1412,983,1494,850,1897,977,1787,1285,848,590,41
20:00,781,645,866,674,940,691,950,678,1123,721,1061,856,482,385,41
21:00,644,523,666,567,635,539,621,530,921,632,885,681,386,331,41
22:00,621,422,642,514,604,491,544,448,910,548,896,612,313,274,41
23:00,323,327,389,401,331,296,395,435,770,538,693,564,182,214,41
00:00,172,332,121,156,107,173,156,202,142,184,372,268,351,263,42
01:00,48,118,41,62,40,78,48,99,59,90,161,190,157,178,42
02:00,25,50,20,44,12,60,19,48,37,69,84,179,127,184,42
03:00,9,37,14,30,12,41,23,50,34,58,83,171,59,194,42
04:00,11,28,10,18,13,35,12,25,13,30,33,83,37,91,42
05:00,41,18,42,18,36,22,41,20,44,21,27,29,24,31,42
06:00,204,63,190,63,176,60,202,60,175,64,154,61,76,49,42
07:00,573,217,587,255,686,333,872,452,737,300,339,192,99,68,42
08:00,1153,500,1125,466,961,511,1086,522,950,446,440,237,198,100,42
09:00,1108,661,1055,665,904,701,1086,741,950,550,741,445,426,236,42
10:00,1298,902,1256,819,1055,849,1243,963,1117,707,1141,697,730,433,42
11:00,1364,1008,1324,917,1161,967,1441,1048,1375,892,1341,921,899,705,42
12:00,1705,1177,1512,1052,1358,1149,1509,1094,1487,924,1525,942,1083,940,42
13:00,2026,1451,1872,1344,1607,1325,1836,1387,1750,1130,1715,1100,1167,951,42
14:00,1910,1352,1745,1195,1614,1347,1906,1396,1863,1126,1847,1159,1278,904,42
15:00,1929,1309,1757,1191,1544,1180,2050,1428,1873,1204,1978,1206,1388,907,42
16:00,1902,1231,1720,1151,1693,1244,2046,1375,1943,1158,1729,1105,1684,893,42
17:00,1939,1311,1924,1207,1669,1310,2092,1452,2103,1205,2093,1145,1810,915,42
18:00,1746,1066,1651,978,1848,1289,2688,1559,2410,1235,2342,1210,2182,1030,42
19:00,1199,790,1126,748,1114,883,1684,929,1517,765,1613,958,1210,801,42
20:00,729,591,804,583,741,621,1071,742,898,566,958,638,689,523,42
21:00,601,480,618,490,500,485,700,579,737,496,798,508,551,449,42
22:00,579,386,597,444,476,440,613,490,728,429,808,456,446,372,42
23:00,302,300,362,348,261,266,445,475,616,420,626,421,260,291,42
00:00,168,310,131,167,125,164,149,170,162,236,391,295,271,235,43
01:00,46,109,45,67,46,72,46,83,68,115,169,209,121,159,43
02:00,24,46,22,47,15,56,18,40,43,89,88,197,97,164,43
03:00,8,34,15,32,15,38,22,42,39,74,87,188,46,173,43
04:00,11,25,11,19,15,33,11,21,14,38,34,92,28,81,43
05:00,40,16,45,19,42,20,39,16,51,26,28,32,18,28,43
06:00,200,58,209,68,205,56,195,50,201,81,161,67,58,44,43
07:00,562,202,641,275,799,314,843,381,851,385,357,211,76,60,43
08:00,1131,465,1231,503,1119,482,1050,440,1096,572,463,260,152,89,43
09:00,1086,616,1154,718,1053,662,1050,623,1096,705,778,489,328,211,43
10:00,1273,839,1374,884,1229,802,1201,810,1289,906,1199,767,562,388,43
11:00,1337,938,1448,990,1352,913,1394,883,1586,1144,1410,1012,693,631,43
12:00,1672,1095,1654,1136,1583,1085,1459,921,1717,1185,1603,1037,835,843,43
13:00,1987,1351,2048,1451,1872,1251,1776,1168,2020,1449,1803,1210,901,853,43
14:00,1873,1259,1910,1290,1881,1272,1844,1176,2149,1445,1941,1275,985,811,43
15:00,1892,1219,1922,1286,1799,1115,1983,1203,2161,1544,2079,1327,1070,814,43
16:00,1865,1146,1881,1243,1974,1176,1980,1159,2243,1486,1817,1216,1299,801,43
17:00,1901,1220,2106,1303,1945,1238,2023,1223,2427,1547,2201,1260,1396,821,43
18:00,1712,992,1807,1056,2154,1218,2601,1313,2781,1584,2462,1332,1683,924,43
19:00,1176,736,1232,807,1298,834,1629,782,1751,982,1696,1054,934,718,43
20:00,715,550,880,630,863,587,1036,624,1037,725,1007,702,531,470,43
21:00,588,446,677,529,583,458,677,488,851,636,840,559,425,403,43
22:00,567,360,653,479,555,417,592,413,840,551,850,502,344,333,43
23:00,295,280,396,375,304,251,429,401,711,540,659,462,200,260,43
00:00,132,277,138,189,149,198,137,187,168,244,358,281,274,223,44
01:00,36,98,46,76,55,87,42,91,70,120,154,199,122,151,44
02:00,18,41,22,53,17,68,16,44,44,91,80,187,98,156,44
03:00,6,30,15,36,17,46,20,46,41,75,79,179,46,165,44
04:00,8,23,10,21,18,40,10,23,14,40,31,87,28,76,44
05:00,31,14,48,21,50,24,35,18,52,26,25,30,18,26,44
06:00,157,51,219,77,246,68,179,55,208,83,148,64,58,41,44
07:00,442,179,677,312,961,381,776,417,880,397,327,201,76,57,44
08:00,891,415,1299,571,1345,585,967,483,1134,590,425,248,154,84,44
09:00,856,549,1218,814,1266,804,967,684,1134,728,714,467,333,201,44
10:00,1003,749,1449,1002,1478,974,1107,889,1334,936,1100,732,570,369,44
11:00,1053,837,1528,1122,1626,1109,1284,969,1641,1181,1294,966,702,600,44
12:00,1318,978,1746,1289,1904,1319,1345,1012,1776,1225,1472,990,847,802,44
13:00,1566,1207,2162,1646,2253,1521,1636,1283,2090,1497,1656,1156,914,811,44
14:00,1477,1124,2015,1464,2263,1547,1699,1292,2224,1493,1782,1217,999,771,44
15:00,1491,1088,2028,1459,2165,1354,1827,1321,2236,1596,1910,1266,1085,774,44
16:00,1470,1024,1986,1411,2374,1428,1823,1273,2320,1535,1669,1161,1317,761,44
17:00,1499,1090,2222,1479,2340,1504,1864,1343,2511,1598,2021,1202,1416,781,44
18:00,1350,886,1906,1198,2591,1479,2396,1442,2878,1637,2261,1271,1707,879,44
19:00,927,657,1300,916,1561,1014,1501,859,1811,1015,1557,1006,947,683,44
20:00,563,491,929,715,1038,713,955,686,1073,749,924,671,539,446,44
21:00,465,399,714,600,700,557,624,536,880,657,771,533,431,383,44
22:00,448,321,689,543,667,506,547,454,869,569,780,479,348,317,44
23:00,232,250,418,424,364,306,396,440,735,558,604,441,203,247,44
00:00,178,379,111,138,125,173,136,172,125,180,342,259,337,295,45
01:00,49,134,38,54,46,76,41,84,52,87,147,183,150,199,45
02:00,25,55,17,38,13,59,15,40,32,67,77,172,121,206,45
03:00,7,40,11,25,13,39,19,42,30,56,76,165,56,217,45
04:00,11,31,8,15,14,35,10,21,10,29,29,80,35,100,45
05:00,41,19,38,15,41,21,35,16,39,19,23,27,22,34,45
06:00,211,70,174,55,204,59,178,50,155,61,141,59,72,54,45
07:00,594,247,539,226,797,333,771,383,658,292,313,185,94,74,45
08:00,1198,571,1034,414,1116,512,961,443,848,436,405,228,190,111,45
09:00,1150,754,970,591,1050,703,961,629,848,537,683,430,410,265,45
10:00,1349,1030,1154,728,1226,852,1099,818,997,690,1052,674,703,486,45
11:00,1417,1150,1217,815,1348,970,1276,891,1228,872,1237,890,866,792,45
12:00,1773,1345,1391,937,1580,1154,1336,932,1330,904,1408,912,1045,1058,45
13:00,2107,1659,1722,1197,1869,1330,1626,1181,1564,1105,1583,1065,1128,1071,45
14:00,1986,1546,1606,1064,1877,1353,1689,1189,1664,1102,1704,1123,1233,1018,45
15:00,2006,1496,1616,1061,1796,1185,1816,1216,1674,1178,1827,1168,1340,1022,45
16:00,1977,1407,1582,1025,1969,1250,1812,1172,1737,1134,1596,1070,1626,1006,45
17:00,2016,1499,1771,1075,1941,1316,1853,1236,1880,1180,1933,1109,1747,1031,45
18:00,1815,1218,1519,871,2149,1294,2381,1328,2154,1209,2163,1172,2106,1160,45
19:00,1247,903,1036,666,1295,887,1492,791,1356,749,1490,928,1169,902,45
20:00,758,676,740,519,861,624,949,632,803,554,885,618,665,589,45
21:00,625,548,569,436,581,488,621,493,659,485,737,492,532,506,45
22:00,602,441,549,395,554,443,543,418,651,420,745,442,430,418,45
23:00,313,343,333,309,303,267,394,405,550,412,577,407,251,327,45
00:00,166,305,125,173,133,186,140,180,124,179,452,336,317,241,46
01:00,44,107,42,68,49,81,43,87,52,87,194,238,141,162,46
02:00,22,44,19,48,15,63,16,41,32,66,100,224,113,168,46
03:00,7,32,12,32,15,42,20,43,29,55,99,214,52,177,46
04:00,10,24,8,18,15,37,10,21,9,28,38,104,32,81,46
05:00,38,15,42,18,44,21,36,16,38,18,31,35,20,27,46
06:00,196,56,197,69,218,63,184,51,155,61,186,76,66,44,46
07:00,553,198,611,285,852,357,798,399,658,291,413,241,88,60,46
08:00,1116,458,1172,522,1193,549,994,462,848,433,536,296,178,90,46
09:00,1072,606,1099,744,1123,755,994,656,848,533,903,559,385,216,46
10:00,1257,828,1307,917,1311,914,1137,853,997,686,1391,877,659,398,46
11:00,1320,925,1379,1026,1442,1041,1321,929,1228,866,1635,1158,813,648,46
12:00,1652,1082,1577,1180,1690,1239,1384,972,1330,899,1861,1187,982,867,46
13:00,1964,1335,1952,1508,1999,1428,1684,1231,1565,1099,2093,1385,1060,876,46
14:00,1851,1244,1820,1340,2008,1452,1749,1241,1665,1096,2254,1461,1158,833,46
15:00,1870,1204,1832,1336,1921,1273,1880,1268,1674,1172,2414,1519,1259,837,46
16:00,1843,1132,1793,1292,2106,1341,1876,1222,1738,1128,2110,1393,1528,824,46
17:00,1879,1206,2007,1354,2076,1412,1919,1289,1880,1173,2555,1442,1641,844,46
18:00,1692,981,1722,1097,2300,1389,2466,1385,2154,1202,2859,1525,1979,950,46
19:00,1162,727,1174,839,1385,952,1545,825,1356,745,1970,1207,1098,738,46
20:00,706,544,839,655,921,670,983,659,804,551,1169,804,625,482,46
21:00,582,441,645,549,622,524,642,514,659,482,975,640,499,414,46
22:00,562,355,622,498,592,476,561,436,651,418,986,574,404,343,46
23:00,292,276,378,389,323,287,407,423,550,410,764,528,236,267,46
00:00,186,346,125,176,131,180,149,179,153,378,359,330,249,216,47
01:00,50,122,42,70,48,78,46,87,64,184,154,232,110,145,47
02:00,24,49,19,48,14,60,17,40,39,139,79,219,88,150,47
03:00,7,36,12,32,14,40,20,42,36,116,78,210,41,158,47
04:00,10,28,8,19,14,35,10,20,12,60,29,101,24,72,47
05:00,42,17,42,19,43,21,37,15,47,39,24,33,16,24,47
06:00,221,63,197,71,215,60,194,51,190,128,147,74,52,39,47
07:00,623,225,614,291,845,345,844,396,809,613,327,236,69,53,47
08:00,1258,521,1177,533,1183,530,1053,459,1043,915,424,290,140,81,47
09:00,1208,689,1104,760,1113,729,1053,652,1043,1128,714,547,302,193,47
10:00,1417,941,1313,937,1300,883,1205,848,1227,1450,1101,859,518,355,47
11:00,1487,1051,1385,1048,1430,1006,1398,924,1510,1832,1294,1134,638,580,47
12:00,1863,1231,1585,1206,1676,1198,1466,967,1636,1901,1475,1163,772,776,47
13:00,2214,1518,1962,1541,1983,1381,1783,1225,1925,2322,1658,1358,834,785,47
14:00,2087,1414,1829,1370,1991,1404,1853,1234,2049,2317,1785,1432,911,746,47
15:00,2108,1368,1841,1366,1905,1230,1992,1262,2060,2477,1913,1488,990,749,47
16:00,2077,1287,1802,1320,2089,1297,1988,1216,2137,2383,1671,1365,1201,737,47
17:00,2119,1371,2017,1384,2059,1365,2032,1283,2313,2481,2024,1414,1290,756,47
18:00,1908,1115,1730,1121,2280,1343,2612,1378,2651,2541,2265,1494,1555,851,47
19:00,1310,826,1180,858,1373,921,1636,821,1668,1575,1560,1183,863,661,47
20:00,796,618,843,669,914,648,1041,656,989,1164,926,788,491,432,47
21:00,657,501,647,561,617,507,681,512,810,1018,772,627,393,371,47
22:00,633,404,625,508,587,460,596,434,800,883,781,563,318,307,47
23:00,328,313,379,398,321,277,432,420,676,866,605,518,186,239,47
00:00,207,525,118,141,149,206,152,197,148,185,450,299,280,223,48
01:00,55,185,40,55,54,89,46,96,62,90,193,211,123,149,48
02:00,27,75,17,38,16,69,17,44,37,68,99,199,99,154,48
03:00,8,55,10,25,16,46,20,46,34,56,98,190,45,163,48
04:00,11,41,7,14,16,40,10,22,11,29,37,92,27,74,48
05:00,47,26,39,14,48,24,38,16,45,18,30,30,17,24,48
06:00,246,96,185,56,246,69,199,55,184,62,185,67,58,40,48
07:00,695,341,577,232,964,397,866,435,786,301,411,214,77,55,48
08:00,1403,790,1107,426,1351,610,1080,504,1014,450,533,263,156,83,48
09:00,1347,1046,1038,608,1270,839,1080,717,1014,554,898,498,339,199,48
10:00,1581,1429,1236,749,1484,1017,1236,932,1192,713,1384,781,581,367,48
11:00,1660,1595,1304,839,1631,1157,1434,1016,1468,901,1627,1031,717,598,48
12:00,2078,1868,1491,965,1913,1379,1504,1064,1591,935,1854,1058,867,801,48
13:00,2471,2304,1846,1233,2264,1589,1830,1348,1871,1143,2085,1235,936,810,48
14:00,2328,2146,1721,1097,2273,1617,1901,1358,1991,1141,2244,1302,1022,770,48
15:00,2352,2077,1733,1093,2176,1416,2044,1388,2003,1220,2405,1354,1111,774,48
16:00,2318,1953,1696,1057,2385,1493,2040,1338,2078,1173,2101,1242,1348,761,48
17:00,2364,2080,1898,1108,2351,1572,2085,1411,2249,1221,2545,1286,1449,781,48
18:00,2129,1691,1629,897,2604,1546,2680,1516,2577,1251,2848,1360,1747,879,48
19:00,1462,1253,1111,686,1569,1060,1679,903,1623,776,1962,1077,969,683,48
20:00,888,938,794,535,1043,746,1069,722,962,573,1165,717,551,446,48
21:00,733,760,610,449,704,583,699,563,788,501,971,570,441,383,48
22:00,707,613,588,407,670,528,611,477,778,435,982,511,357,317,48
23:00,366,475,357,319,365,319,444,463,658,426,760,470,209,247,48
00:00,166,308,130,178,117,160,114,123,158,208,402,274,382,294,49
01:00,43,109,43,70,42,68,35,59,66,101,172,193,167,197,49
02:00,21,43,19,48,12,53,12,27,40,76,88,182,135,204,49
03:00,6,32,11,32,12,35,15,28,37,63,87,174,62,216,49
04:00,8,24,7,18,12,30,7,13,11,32,32,84,36,97,49
05:00,37,14,43,18,38,18,28,9,48,21,26,27,22,32,49
06:00,198,55,206,70,193,53,148,34,198,70,164,61,78,53,49
07:00,558,199,640,293,757,306,645,272,845,338,367,196,105,72,49
08:00,1129,462,1229,537,1060,471,804,315,1090,505,476,241,213,109,49
09:00,1084,612,1152,767,997,648,804,448,1090,622,803,455,462,262,49
10:00,1271,836,1371,945,1165,785,920,582,1281,800,1238,716,792,485,49
11:00,1335,934,1447,1058,1282,894,1069,635,1579,1011,1454,945,976,791,49
12:00,1672,1094,1656,1218,1503,1066,1121,666,1712,1051,1659,970,1181,1060,49
13:00,1988,1350,2050,1556,1779,1229,1364,843,2013,1284,1865,1133,1276,1071,49
14:00,1873,1257,1911,1384,1786,1250,1417,849,2142,1281,2008,1194,1394,1019,49
15:00,1893,1217,1924,1380,1709,1095,1524,868,2154,1370,2151,1241,1516,1023,49
16:00,1865,1144,1882,1334,1874,1154,1521,836,2235,1318,1879,1139,1839,1008,49
17:00,1902,1219,2108,1398,1847,1215,1555,882,2419,1372,2276,1179,1976,1032,49
18:00,1712,991,1808,1132,2045,1195,1998,948,2771,1405,2547,1246,2381,1162,49
19:00,1176,735,1233,866,1232,819,1252,565,1745,871,1754,987,1321,904,49
20:00,714,550,881,675,820,577,797,452,1035,644,1041,657,751,590,49
21:00,590,446,677,566,553,451,521,352,848,563,869,523,601,507,49
22:00,569,359,653,514,527,409,455,299,837,488,878,469,486,419,49
23:00,294,278,396,402,286,247,330,290,708,479,680,432,285,327,49
00:00,159,365,128,156,108,143,148,176,153,191,367,254,403,334,50
01:00,42,128,42,61,39,60,45,84,64,93,157,178,177,223,50
02:00,20,50,18,41,11,46,16,39,38,69,80,168,142,231,50
03:00,6,38,11,27,11,31,19,40,35,58,79,161,65,245,50
04:00,7,28,7,16,11,27,9,19,11,29,29,77,38,111,50
05:00,36,17,42,16,35,16,36,13,46,19,23,25,23,35,50
06:00,189,65,201,61,179,46,193,48,190,64,150,56,82,60,50
07:00,537,236,627,257,705,272,844,389,814,310,335,181,110,82,50
08:00,1085,547,1205,471,987,419,1053,451,1050,463,435,222,225,124,50
09:00,1042,724,1130,673,928,576,1053,641,1050,571,734,422,488,298,50
10:00,1222,989,1344,830,1085,699,1205,834,1234,734,1132,662,839,551,50
11:00,1283,1105,1418,929,1193,796,1399,909,1520,928,1330,874,1035,899,50
12:00,1608,1295,1624,1070,1400,949,1468,953,1649,964,1517,898,1253,1206,50
13:00,1912,1598,2010,1367,1657,1094,1786,1207,1939,1179,1706,1049,1353,1218,50
14:00,1802,1488,1874,1216,1663,1112,1855,1216,2063,1176,1836,1105,1478,1159,50
15:00,1820,1441,1886,1212,1592,975,1995,1243,2075,1258,1968,1149,1606,1163,50
16:00,1793,1355,1846,1172,1746,1027,1991,1198,2153,1209,1719,1054,1949,1145,50
17:00,1829,1443,2067,1228,1720,1082,2035,1264,2331,1259,2082,1092,2094,1174,50
18:00,1647,1173,1773,995,1905,1064,2616,1357,2670,1290,2330,1154,2524,1322,50
19:00,1131,870,1209,761,1148,730,1639,809,1681,800,1605,914,1401,1027,50
20:00,687,651,864,593,763,514,1044,647,996,591,953,608,796,671,50
21:00,568,528,663,498,515,401,682,504,816,517,794,484,637,576,50
22:00,547,425,641,450,490,364,597,428,806,449,803,434,516,476,50
23:00,282,330,389,353,268,220,433,415,680,439,621,400,302,372,50
00:00,170,300,139,181,123,147,160,199,120,164,392,289,296,209,51
01:00,44,105,45,71,44,62,48,95,50,79,168,204,129,139,51
02:00,21,42,20,48,12,48,17,43,29,60,86,192,104,145,51
03:00,5,30,11,32,12,32,20,45,27,50,85,184,47,153,51
04:00,7,23,7,18,12,27,9,21,8,25,30,88,27,69,51
05:00,38,14,45,18,39,16,39,14,36,16,25,28,16,22,51
06:00,202,54,219,71,203,48,209,54,149,55,160,64,60,37,51
07:00,572,193,685,299,799,282,914,441,640,267,358,207,80,51,51
08:00,1157,449,1317,550,1120,434,1140,511,825,400,465,254,165,77,51
09:00,1111,595,1234,785,1053,596,1140,727,825,493,784,481,358,187,51
10:00,1304,813,1470,968,1231,723,1304,945,970,635,1210,756,615,345,51
11:00,1370,908,1550,1084,1353,823,1514,1030,1195,802,1422,999,759,564,51
12:00,1717,1065,1776,1249,1589,982,1589,1081,1297,834,1622,1026,919,757,51
13:00,2041,1314,2198,1596,1881,1132,1934,1369,1525,1020,1824,1198,992,765,51
14:00,1923,1224,2049,1419,1888,1152,2008,1379,1623,1017,1964,1263,1084,727,51
15:00,1943,1185,2063,1415,1807,1009,2160,1410,1632,1088,2104,1313,1179,730,51
16:00,1915,1114,2019,1368,1981,1063,2155,1359,1693,1046,1838,1205,1430,719,51
17:00,1952,1186,2260,1433,1952,1119,2203,1433,1833,1089,2227,1247,1536,737,51
18:00,1758,965,1939,1161,2162,1101,2832,1539,2099,1116,2492,1318,1852,830,51
19:00,1207,715,1322,888,1303,755,1774,918,1323,692,1716,1044,1028,645,51
20:00,734,536,945,693,866,532,1130,734,784,511,1019,694,584,422,51
21:00,606,434,726,581,584,415,739,572,642,447,850,552,467,362,51
22:00,584,349,700,527,557,376,646,485,634,388,859,495,379,300,51
23:00,302,271,425,412,303,228,469,470,536,379,665,456,221,234,51
00:00,138,284,138,151,11,23,56,66,70,98,242,167,230,158,52
01:00,36,100,44,59,4,9,16,32,29,48,103,117,100,105,52
02:00,16,39,19,39,1,7,6,14,17,35,52,110,81,109,52
03:00,4,28,11,26,1,4,7,14,16,30,51,106,37,115,52
04:00,5,21,7,15,1,4,3,6,4,14,18,51,21,52,52
05:00,31,13,44,15,3,2,13,4,21,9,14,16,12,16,52
06:00,164,50,216,59,19,7,73,17,88,33,98,36,46,28,52
07:00,465,183,677,250,74,44,323,145,377,161,220,119,62,38,52
08:00,941,425,1302,458,105,68,402,168,486,240,285,147,128,58,52
09:00,904,563,1220,654,98,93,402,239,486,296,482,278,279,141,52
10:00,1060,769,1453,807,115,113,461,311,571,381,744,437,478,260,52
11:00,1113,859,1532,903,127,129,535,339,704,482,874,578,590,425,52
12:00,1396,1008,1756,1042,150,155,562,357,764,502,998,594,716,571,52
13:00,1660,1244,2174,1331,177,178,684,452,899,614,1122,694,773,577,52
14:00,1564,1159,2026,1183,178,181,710,455,956,612,1208,731,844,549,52
15:00,1580,1122,2039,1180,170,159,764,465,962,654,1295,760,918,551,52
16:00,1557,1055,1996,1141,186,168,762,448,998,629,1131,697,1114,543,52
17:00,1588,1123,2235,1196,184,176,779,473,1081,655,1370,722,1196,556,52
18:00,1429,914,1917,969,203,174,1002,508,1238,671,1533,763,1442,626,52
19:00,982,677,1307,741,123,119,628,303,780,416,1056,604,801,487,52
20:00,596,508,934,577,81,84,400,242,462,308,627,402,455,318,52
21:00,492,411,717,485,54,66,261,189,379,269,523,320,364,272,52
22:00,474,331,692,439,52,60,229,160,373,233,528,287,295,225,52
23:00,244,257,420,343,28,36,166,155,315,229,409,265,173,176,52
